pno,hno
1,1
2,2
3,3
1,4
2,5
3,6
1,7
2,8
3,9
4,10
5,11
6,12
4,13
5,14
6,15
4,16
5,17
6,18
7,19
8,20
9,21
7,22
8,23
9,24
7,25
8,26
9,27
10,28
11,29
12,30
10,31
11,32
12,33
10,34
11,35
12,36
13,37
14,38
15,39
13,40
14,41
15,42
13,43
14,44
15,45
16,46
17,47
18,48
16,49
17,50
18,51
16,52
17,53
18,54
19,55
20,56
21,57
19,58
20,59
21,60
19,61
20,62
21,63
22,64
23,65
24,66
22,67
23,68
24,69
22,70
23,71
24,72
25,73
26,74
27,75
25,76
26,77
27,78
25,79
26,80
27,81
28,82
29,83
30,84
28,85
29,86
30,87
28,88
29,89
30,90
31,91
32,92
33,93
31,94
32,95
33,96
31,97
32,98
33,99
34,100
35,101
36,102
34,103
35,104
36,105
34,106
35,107
36,108
37,109
38,110
39,111
37,112
38,113
39,114
37,115
38,116
39,117
40,118
41,119
42,120
40,121
41,122
42,123
40,124
41,125
42,126
43,127
44,128
45,129
43,130
44,131
45,132
43,133
44,134
45,135
46,136
47,137
48,138
46,139
47,140
48,141
46,142
47,143
48,144
49,145
50,146
51,147
49,148
50,149
51,150
49,151
50,152
51,153
52,154
53,155
54,156
52,157
53,158
54,159
52,160
53,161
54,162
55,163
56,164
57,165
55,166
56,167
57,168
55,169
56,170
57,171
58,172
59,173
60,174
58,175
59,176
60,177
58,178
59,179
60,180
61,181
62,182
63,183
61,184
62,185
63,186
61,187
62,188
63,189
64,190
65,191
66,192
64,193
65,194
66,195
64,196
65,197
66,198
67,199
68,200
69,201
67,202
68,203
69,204
67,205
68,206
69,207
70,208
71,209
72,210
70,211
71,212
72,213
70,214
71,215
72,216
73,217
74,218
75,219
73,220
74,221
75,222
73,223
74,224
75,225
76,226
77,227
78,228
76,229
77,230
78,231
76,232
77,233
78,234
79,235
80,236
81,237
79,238
80,239
81,240
79,241
80,242
81,243
82,244
83,245
84,246
82,247
83,248
84,249
82,250
83,251
84,252
85,253
86,254
87,255
85,256
86,257
87,258
85,259
86,260
87,261
88,262
89,263
90,264
88,265
89,266
90,267
88,268
89,269
90,270
181,271
182,272
183,273
181,274
182,275
183,276
181,277
182,278
183,279
184,280
185,281
186,282
184,283
185,284
186,285
184,286
185,287
186,288
187,289
188,290
189,291
187,292
188,293
189,294
187,295
188,296
189,297
190,298
191,299
192,300
190,301
191,302
192,303
190,304
191,305
192,306
193,307
194,308
195,309
193,310
194,311
195,312
193,313
194,314
195,315
196,316
197,317
198,318
196,319
197,320
198,321
196,322
197,323
198,324
199,325
200,326
201,327
199,328
200,329
201,330
199,331
200,332
201,333
202,334
203,335
204,336
202,337
203,338
204,339
202,340
203,341
204,342
205,343
206,344
207,345
205,346
206,347
207,348
205,349
206,350
207,351
208,352
209,353
210,354
208,355
209,356
210,357
208,358
209,359
210,360
211,361
212,362
213,363
211,364
212,365
213,366
211,367
212,368
213,369
214,370
215,371
216,372
214,373
215,374
216,375
214,376
215,377
216,378
217,379
218,380
219,381
217,382
218,383
219,384
217,385
218,386
219,387
220,388
221,389
222,390
220,391
221,392
222,393
220,394
221,395
222,396
223,397
224,398
225,399
223,400
224,401
225,402
223,403
224,404
225,405
226,406
227,407
228,408
226,409
227,410
228,411
226,412
227,413
228,414
229,415
230,416
231,417
229,418
230,419
231,420
229,421
230,422
231,423
232,424
233,425
234,426
232,427
233,428
234,429
232,430
233,431
234,432
235,433
236,434
237,435
235,436
236,437
237,438
235,439
236,440
237,441
238,442
239,443
240,444
238,445
239,446
240,447
238,448
239,449
240,450
241,451
242,452
243,453
241,454
242,455
243,456
241,457
242,458
243,459
244,460
245,461
246,462
244,463
245,464
246,465
244,466
245,467
246,468
247,469
248,470
249,471
247,472
248,473
249,474
247,475
248,476
249,477
250,478
251,479
252,480
250,481
251,482
252,483
250,484
251,485
252,486
253,487
254,488
255,489
253,490
254,491
255,492
253,493
254,494
255,495
256,496
257,497
258,498
256,499
257,500
258,501
256,502
257,503
258,504
259,505
260,506
261,507
259,508
260,509
261,510
259,511
260,512
261,513
262,514
263,515
264,516
262,517
263,518
264,519
262,520
263,521
264,522
265,523
266,524
267,525
265,526
266,527
267,528
265,529
266,530
267,531
268,532
269,533
270,534
268,535
269,536
270,537
268,538
269,539
270,540
91,541
92,542
93,543
91,544
92,545
93,546
91,547
92,548
93,549
94,550
95,551
96,552
94,553
95,554
96,555
94,556
95,557
96,558
97,559
98,560
99,561
97,562
98,563
99,564
97,565
98,566
99,567
100,568
101,569
102,570
100,571
101,572
102,573
100,574
101,575
102,576
103,577
104,578
105,579
103,580
104,581
105,582
103,583
104,584
105,585
106,586
107,587
108,588
106,589
107,590
108,591
106,592
107,593
108,594
109,595
110,596
111,597
109,598
110,599
111,600
109,601
110,602
111,603
112,604
113,605
114,606
112,607
113,608
114,609
112,610
113,611
114,612
115,613
116,614
117,615
115,616
116,617
117,618
115,619
116,620
117,621
118,622
119,623
120,624
118,625
119,626
120,627
118,628
119,629
120,630
121,631
122,632
123,633
121,634
122,635
123,636
121,637
122,638
123,639
124,640
125,641
126,642
124,643
125,644
126,645
124,646
125,647
126,648
127,649
128,650
129,651
127,652
128,653
129,654
127,655
128,656
129,657
130,658
131,659
132,660
130,661
131,662
132,663
130,664
131,665
132,666
133,667
134,668
135,669
133,670
134,671
135,672
133,673
134,674
135,675
136,676
137,677
138,678
136,679
137,680
138,681
136,682
137,683
138,684
139,685
140,686
141,687
139,688
140,689
141,690
139,691
140,692
141,693
142,694
143,695
144,696
142,697
143,698
144,699
142,700
143,701
144,702
145,703
146,704
147,705
145,706
146,707
147,708
145,709
146,710
147,711
148,712
149,713
150,714
148,715
149,716
150,717
148,718
149,719
150,720
151,721
152,722
153,723
151,724
152,725
153,726
151,727
152,728
153,729
154,730
155,731
156,732
154,733
155,734
156,735
154,736
155,737
156,738
157,739
158,740
159,741
157,742
158,743
159,744
157,745
158,746
159,747
160,748
161,749
162,750
160,751
161,752
162,753
160,754
161,755
162,756
163,757
164,758
165,759
163,760
164,761
165,762
163,763
164,764
165,765
166,766
167,767
168,768
166,769
167,770
168,771
166,772
167,773
168,774
169,775
170,776
171,777
169,778
170,779
171,780
169,781
170,782
171,783
172,784
173,785
174,786
172,787
173,788
174,789
172,790
173,791
174,792
175,793
176,794
177,795
175,796
176,797
177,798
175,799
176,800
177,801
178,802
179,803
180,804
178,805
179,806
180,807
178,808
179,809
180,810
271,811
272,812
273,813
271,814
272,815
273,816
271,817
272,818
273,819
274,820
275,821
276,822
274,823
275,824
276,825
274,826
275,827
276,828
277,829
278,830
279,831
277,832
278,833
279,834
277,835
278,836
279,837
280,838
281,839
282,840
280,841
281,842
282,843
280,844
281,845
282,846
283,847
284,848
285,849
283,850
284,851
285,852
283,853
284,854
285,855
286,856
287,857
288,858
286,859
287,860
288,861
286,862
287,863
288,864
289,865
290,866
291,867
289,868
290,869
291,870
289,871
290,872
291,873
292,874
293,875
294,876
292,877
293,878
294,879
292,880
293,881
294,882
295,883
296,884
297,885
295,886
296,887
297,888
295,889
296,890
297,891
298,892
299,893
300,894
298,895
299,896
300,897
298,898
299,899
300,900
301,901
302,902
303,903
301,904
302,905
303,906
301,907
302,908
303,909
304,910
305,911
306,912
304,913
305,914
306,915
304,916
305,917
306,918
307,919
308,920
309,921
307,922
308,923
309,924
307,925
308,926
309,927
310,928
311,929
312,930
310,931
311,932
312,933
310,934
311,935
312,936
313,937
314,938
315,939
313,940
314,941
315,942
313,943
314,944
315,945
316,946
317,947
318,948
316,949
317,950
318,951
316,952
317,953
318,954
319,955
320,956
321,957
319,958
320,959
321,960
319,961
320,962
321,963
322,964
323,965
324,966
322,967
323,968
324,969
322,970
323,971
324,972
325,973
326,974
327,975
325,976
326,977
327,978
325,979
326,980
327,981
328,982
329,983
330,984
328,985
329,986
330,987
328,988
329,989
330,990
331,991
332,992
333,993
331,994
332,995
333,996
331,997
332,998
333,999
334,1000
335,1001
336,1002
334,1003
335,1004
336,1005
334,1006
335,1007
336,1008
337,1009
338,1010
339,1011
337,1012
338,1013
339,1014
337,1015
338,1016
339,1017
340,1018
341,1019
342,1020
340,1021
341,1022
342,1023
340,1024
341,1025
342,1026
343,1027
344,1028
345,1029
343,1030
344,1031
345,1032
343,1033
344,1034
345,1035
346,1036
347,1037
348,1038
346,1039
347,1040
348,1041
346,1042
347,1043
348,1044
349,1045
350,1046
351,1047
349,1048
350,1049
351,1050
349,1051
350,1052
351,1053
352,1054
353,1055
354,1056
352,1057
353,1058
354,1059
352,1060
353,1061
354,1062
355,1063
356,1064
357,1065
355,1066
356,1067
357,1068
355,1069
356,1070
357,1071
358,1072
359,1073
360,1074
358,1075
359,1076
360,1077
358,1078
359,1079
360,1080
451,1081
452,1082
453,1083
451,1084
452,1085
453,1086
451,1087
452,1088
453,1089
454,1090
455,1091
456,1092
454,1093
455,1094
456,1095
454,1096
455,1097
456,1098
457,1099
458,1100
459,1101
457,1102
458,1103
459,1104
457,1105
458,1106
459,1107
460,1108
461,1109
462,1110
460,1111
461,1112
462,1113
460,1114
461,1115
462,1116
463,1117
464,1118
465,1119
463,1120
464,1121
465,1122
463,1123
464,1124
465,1125
466,1126
467,1127
468,1128
466,1129
467,1130
468,1131
466,1132
467,1133
468,1134
469,1135
470,1136
471,1137
469,1138
470,1139
471,1140
469,1141
470,1142
471,1143
472,1144
473,1145
474,1146
472,1147
473,1148
474,1149
472,1150
473,1151
474,1152
475,1153
476,1154
477,1155
475,1156
476,1157
477,1158
475,1159
476,1160
477,1161
478,1162
479,1163
480,1164
478,1165
479,1166
480,1167
478,1168
479,1169
480,1170
481,1171
482,1172
483,1173
481,1174
482,1175
483,1176
481,1177
482,1178
483,1179
484,1180
485,1181
486,1182
484,1183
485,1184
486,1185
484,1186
485,1187
486,1188
487,1189
488,1190
489,1191
487,1192
488,1193
489,1194
487,1195
488,1196
489,1197
490,1198
491,1199
492,1200
490,1201
491,1202
492,1203
490,1204
491,1205
492,1206
493,1207
494,1208
495,1209
493,1210
494,1211
495,1212
493,1213
494,1214
495,1215
496,1216
497,1217
498,1218
496,1219
497,1220
498,1221
496,1222
497,1223
498,1224
499,1225
500,1226
501,1227
499,1228
500,1229
501,1230
499,1231
500,1232
501,1233
502,1234
503,1235
504,1236
502,1237
503,1238
504,1239
502,1240
503,1241
504,1242
505,1243
506,1244
507,1245
505,1246
506,1247
507,1248
505,1249
506,1250
507,1251
508,1252
509,1253
510,1254
508,1255
509,1256
510,1257
508,1258
509,1259
510,1260
511,1261
512,1262
513,1263
511,1264
512,1265
513,1266
511,1267
512,1268
513,1269
514,1270
515,1271
516,1272
514,1273
515,1274
516,1275
514,1276
515,1277
516,1278
517,1279
518,1280
519,1281
517,1282
518,1283
519,1284
517,1285
518,1286
519,1287
520,1288
521,1289
522,1290
520,1291
521,1292
522,1293
520,1294
521,1295
522,1296
523,1297
524,1298
525,1299
523,1300
524,1301
525,1302
523,1303
524,1304
525,1305
526,1306
527,1307
528,1308
526,1309
527,1310
528,1311
526,1312
527,1313
528,1314
529,1315
530,1316
531,1317
529,1318
530,1319
531,1320
529,1321
530,1322
531,1323
532,1324
533,1325
534,1326
532,1327
533,1328
534,1329
532,1330
533,1331
534,1332
535,1333
536,1334
537,1335
535,1336
536,1337
537,1338
535,1339
536,1340
537,1341
538,1342
539,1343
540,1344
538,1345
539,1346
540,1347
538,1348
539,1349
540,1350
361,1351
362,1352
363,1353
361,1354
362,1355
363,1356
361,1357
362,1358
363,1359
364,1360
365,1361
366,1362
364,1363
365,1364
366,1365
364,1366
365,1367
366,1368
367,1369
368,1370
369,1371
367,1372
368,1373
369,1374
367,1375
368,1376
369,1377
370,1378
371,1379
372,1380
370,1381
371,1382
372,1383
370,1384
371,1385
372,1386
373,1387
374,1388
375,1389
373,1390
374,1391
375,1392
373,1393
374,1394
375,1395
376,1396
377,1397
378,1398
376,1399
377,1400
378,1401
376,1402
377,1403
378,1404
379,1405
380,1406
381,1407
379,1408
380,1409
381,1410
379,1411
380,1412
381,1413
382,1414
383,1415
384,1416
382,1417
383,1418
384,1419
382,1420
383,1421
384,1422
385,1423
386,1424
387,1425
385,1426
386,1427
387,1428
385,1429
386,1430
387,1431
388,1432
389,1433
390,1434
388,1435
389,1436
390,1437
388,1438
389,1439
390,1440
391,1441
392,1442
393,1443
391,1444
392,1445
393,1446
391,1447
392,1448
393,1449
394,1450
395,1451
396,1452
394,1453
395,1454
396,1455
394,1456
395,1457
396,1458
397,1459
398,1460
399,1461
397,1462
398,1463
399,1464
397,1465
398,1466
399,1467
400,1468
401,1469
402,1470
400,1471
401,1472
402,1473
400,1474
401,1475
402,1476
403,1477
404,1478
405,1479
403,1480
404,1481
405,1482
403,1483
404,1484
405,1485
406,1486
407,1487
408,1488
406,1489
407,1490
408,1491
406,1492
407,1493
408,1494
409,1495
410,1496
411,1497
409,1498
410,1499
411,1500
409,1501
410,1502
411,1503
412,1504
413,1505
414,1506
412,1507
413,1508
414,1509
412,1510
413,1511
414,1512
415,1513
416,1514
417,1515
415,1516
416,1517
417,1518
415,1519
416,1520
417,1521
418,1522
419,1523
420,1524
418,1525
419,1526
420,1527
418,1528
419,1529
420,1530
421,1531
422,1532
423,1533
421,1534
422,1535
423,1536
421,1537
422,1538
423,1539
424,1540
425,1541
426,1542
424,1543
425,1544
426,1545
424,1546
425,1547
426,1548
427,1549
428,1550
429,1551
427,1552
428,1553
429,1554
427,1555
428,1556
429,1557
430,1558
431,1559
432,1560
430,1561
431,1562
432,1563
430,1564
431,1565
432,1566
433,1567
434,1568
435,1569
433,1570
434,1571
435,1572
433,1573
434,1574
435,1575
436,1576
437,1577
438,1578
436,1579
437,1580
438,1581
436,1582
437,1583
438,1584
439,1585
440,1586
441,1587
439,1588
440,1589
441,1590
439,1591
440,1592
441,1593
442,1594
443,1595
444,1596
442,1597
443,1598
444,1599
442,1600
443,1601
444,1602
445,1603
446,1604
447,1605
445,1606
446,1607
447,1608
445,1609
446,1610
447,1611
448,1612
449,1613
450,1614
448,1615
449,1616
450,1617
448,1618
449,1619
450,1620
541,1621
542,1622
543,1623
541,1624
542,1625
543,1626
541,1627
542,1628
543,1629
544,1630
545,1631
546,1632
544,1633
545,1634
546,1635
544,1636
545,1637
546,1638
547,1639
548,1640
549,1641
547,1642
548,1643
549,1644
547,1645
548,1646
549,1647
550,1648
551,1649
552,1650
550,1651
551,1652
552,1653
550,1654
551,1655
552,1656
553,1657
554,1658
555,1659
553,1660
554,1661
555,1662
553,1663
554,1664
555,1665
556,1666
557,1667
558,1668
556,1669
557,1670
558,1671
556,1672
557,1673
558,1674
559,1675
560,1676
561,1677
559,1678
560,1679
561,1680
559,1681
560,1682
561,1683
562,1684
563,1685
564,1686
562,1687
563,1688
564,1689
562,1690
563,1691
564,1692
565,1693
566,1694
567,1695
565,1696
566,1697
567,1698
565,1699
566,1700
567,1701
568,1702
569,1703
570,1704
568,1705
569,1706
570,1707
568,1708
569,1709
570,1710
571,1711
572,1712
573,1713
571,1714
572,1715
573,1716
571,1717
572,1718
573,1719
574,1720
575,1721
576,1722
574,1723
575,1724
576,1725
574,1726
575,1727
576,1728
577,1729
578,1730
579,1731
577,1732
578,1733
579,1734
577,1735
578,1736
579,1737
580,1738
581,1739
582,1740
580,1741
581,1742
582,1743
580,1744
581,1745
582,1746
583,1747
584,1748
585,1749
583,1750
584,1751
585,1752
583,1753
584,1754
585,1755
586,1756
587,1757
588,1758
586,1759
587,1760
588,1761
586,1762
587,1763
588,1764
589,1765
590,1766
591,1767
589,1768
590,1769
591,1770
589,1771
590,1772
591,1773
592,1774
593,1775
594,1776
592,1777
593,1778
594,1779
592,1780
593,1781
594,1782
595,1783
596,1784
597,1785
595,1786
596,1787
597,1788
595,1789
596,1790
597,1791
598,1792
599,1793
600,1794
598,1795
599,1796
600,1797
598,1798
599,1799
600,1800
601,1801
602,1802
603,1803
601,1804
602,1805
603,1806
601,1807
602,1808
603,1809
604,1810
605,1811
606,1812
604,1813
605,1814
606,1815
604,1816
605,1817
606,1818
607,1819
608,1820
609,1821
607,1822
608,1823
609,1824
607,1825
608,1826
609,1827
610,1828
611,1829
612,1830
610,1831
611,1832
612,1833
610,1834
611,1835
612,1836
613,1837
614,1838
615,1839
613,1840
614,1841
615,1842
613,1843
614,1844
615,1845
616,1846
617,1847
618,1848
616,1849
617,1850
618,1851
616,1852
617,1853
618,1854
619,1855
620,1856
621,1857
619,1858
620,1859
621,1860
619,1861
620,1862
621,1863
622,1864
623,1865
624,1866
622,1867
623,1868
624,1869
622,1870
623,1871
624,1872
625,1873
626,1874
627,1875
625,1876
626,1877
627,1878
625,1879
626,1880
627,1881
628,1882
629,1883
630,1884
628,1885
629,1886
630,1887
628,1888
629,1889
630,1890
721,1891
722,1892
723,1893
721,1894
722,1895
723,1896
721,1897
722,1898
723,1899
724,1900
725,1901
726,1902
724,1903
725,1904
726,1905
724,1906
725,1907
726,1908
727,1909
728,1910
729,1911
727,1912
728,1913
729,1914
727,1915
728,1916
729,1917
730,1918
731,1919
732,1920
730,1921
731,1922
732,1923
730,1924
731,1925
732,1926
733,1927
734,1928
735,1929
733,1930
734,1931
735,1932
733,1933
734,1934
735,1935
736,1936
737,1937
738,1938
736,1939
737,1940
738,1941
736,1942
737,1943
738,1944
739,1945
740,1946
741,1947
739,1948
740,1949
741,1950
739,1951
740,1952
741,1953
742,1954
743,1955
744,1956
742,1957
743,1958
744,1959
742,1960
743,1961
744,1962
745,1963
746,1964
747,1965
745,1966
746,1967
747,1968
745,1969
746,1970
747,1971
748,1972
749,1973
750,1974
748,1975
749,1976
750,1977
748,1978
749,1979
750,1980
751,1981
752,1982
753,1983
751,1984
752,1985
753,1986
751,1987
752,1988
753,1989
754,1990
755,1991
756,1992
754,1993
755,1994
756,1995
754,1996
755,1997
756,1998
757,1999
758,2000
759,2001
757,2002
758,2003
759,2004
757,2005
758,2006
759,2007
760,2008
761,2009
762,2010
760,2011
761,2012
762,2013
760,2014
761,2015
762,2016
763,2017
764,2018
765,2019
763,2020
764,2021
765,2022
763,2023
764,2024
765,2025
766,2026
767,2027
768,2028
766,2029
767,2030
768,2031
766,2032
767,2033
768,2034
769,2035
770,2036
771,2037
769,2038
770,2039
771,2040
769,2041
770,2042
771,2043
772,2044
773,2045
774,2046
772,2047
773,2048
774,2049
772,2050
773,2051
774,2052
775,2053
776,2054
777,2055
775,2056
776,2057
777,2058
775,2059
776,2060
777,2061
778,2062
779,2063
780,2064
778,2065
779,2066
780,2067
778,2068
779,2069
780,2070
781,2071
782,2072
783,2073
781,2074
782,2075
783,2076
781,2077
782,2078
783,2079
784,2080
785,2081
786,2082
784,2083
785,2084
786,2085
784,2086
785,2087
786,2088
787,2089
788,2090
789,2091
787,2092
788,2093
789,2094
787,2095
788,2096
789,2097
790,2098
791,2099
792,2100
790,2101
791,2102
792,2103
790,2104
791,2105
792,2106
793,2107
794,2108
795,2109
793,2110
794,2111
795,2112
793,2113
794,2114
795,2115
796,2116
797,2117
798,2118
796,2119
797,2120
798,2121
796,2122
797,2123
798,2124
799,2125
800,2126
801,2127
799,2128
800,2129
801,2130
799,2131
800,2132
801,2133
802,2134
803,2135
804,2136
802,2137
803,2138
804,2139
802,2140
803,2141
804,2142
805,2143
806,2144
807,2145
805,2146
806,2147
807,2148
805,2149
806,2150
807,2151
808,2152
809,2153
810,2154
808,2155
809,2156
810,2157
808,2158
809,2159
810,2160
631,2161
632,2162
633,2163
631,2164
632,2165
633,2166
631,2167
632,2168
633,2169
634,2170
635,2171
636,2172
634,2173
635,2174
636,2175
634,2176
635,2177
636,2178
637,2179
638,2180
639,2181
637,2182
638,2183
639,2184
637,2185
638,2186
639,2187
640,2188
641,2189
642,2190
640,2191
641,2192
642,2193
640,2194
641,2195
642,2196
643,2197
644,2198
645,2199
643,2200
644,2201
645,2202
643,2203
644,2204
645,2205
646,2206
647,2207
648,2208
646,2209
647,2210
648,2211
646,2212
647,2213
648,2214
649,2215
650,2216
651,2217
649,2218
650,2219
651,2220
649,2221
650,2222
651,2223
652,2224
653,2225
654,2226
652,2227
653,2228
654,2229
652,2230
653,2231
654,2232
655,2233
656,2234
657,2235
655,2236
656,2237
657,2238
655,2239
656,2240
657,2241
658,2242
659,2243
660,2244
658,2245
659,2246
660,2247
658,2248
659,2249
660,2250
661,2251
662,2252
663,2253
661,2254
662,2255
663,2256
661,2257
662,2258
663,2259
664,2260
665,2261
666,2262
664,2263
665,2264
666,2265
664,2266
665,2267
666,2268
667,2269
668,2270
669,2271
667,2272
668,2273
669,2274
667,2275
668,2276
669,2277
670,2278
671,2279
672,2280
670,2281
671,2282
672,2283
670,2284
671,2285
672,2286
673,2287
674,2288
675,2289
673,2290
674,2291
675,2292
673,2293
674,2294
675,2295
676,2296
677,2297
678,2298
676,2299
677,2300
678,2301
676,2302
677,2303
678,2304
679,2305
680,2306
681,2307
679,2308
680,2309
681,2310
679,2311
680,2312
681,2313
682,2314
683,2315
684,2316
682,2317
683,2318
684,2319
682,2320
683,2321
684,2322
685,2323
686,2324
687,2325
685,2326
686,2327
687,2328
685,2329
686,2330
687,2331
688,2332
689,2333
690,2334
688,2335
689,2336
690,2337
688,2338
689,2339
690,2340
691,2341
692,2342
693,2343
691,2344
692,2345
693,2346
691,2347
692,2348
693,2349
694,2350
695,2351
696,2352
694,2353
695,2354
696,2355
694,2356
695,2357
696,2358
697,2359
698,2360
699,2361
697,2362
698,2363
699,2364
697,2365
698,2366
699,2367
700,2368
701,2369
702,2370
700,2371
701,2372
702,2373
700,2374
701,2375
702,2376
703,2377
704,2378
705,2379
703,2380
704,2381
705,2382
703,2383
704,2384
705,2385
706,2386
707,2387
708,2388
706,2389
707,2390
708,2391
706,2392
707,2393
708,2394
709,2395
710,2396
711,2397
709,2398
710,2399
711,2400
709,2401
710,2402
711,2403
712,2404
713,2405
714,2406
712,2407
713,2408
714,2409
712,2410
713,2411
714,2412
715,2413
716,2414
717,2415
715,2416
716,2417
717,2418
715,2419
716,2420
717,2421
718,2422
719,2423
720,2424
718,2425
719,2426
720,2427
718,2428
719,2429
720,2430
811,2431
812,2432
813,2433
811,2434
812,2435
813,2436
811,2437
812,2438
813,2439
814,2440
815,2441
816,2442
814,2443
815,2444
816,2445
814,2446
815,2447
816,2448
817,2449
818,2450
819,2451
817,2452
818,2453
819,2454
817,2455
818,2456
819,2457
820,2458
821,2459
822,2460
820,2461
821,2462
822,2463
820,2464
821,2465
822,2466
823,2467
824,2468
825,2469
823,2470
824,2471
825,2472
823,2473
824,2474
825,2475
826,2476
827,2477
828,2478
826,2479
827,2480
828,2481
826,2482
827,2483
828,2484
829,2485
830,2486
831,2487
829,2488
830,2489
831,2490
829,2491
830,2492
831,2493
832,2494
833,2495
834,2496
832,2497
833,2498
834,2499
832,2500
833,2501
834,2502
835,2503
836,2504
837,2505
835,2506
836,2507
837,2508
835,2509
836,2510
837,2511
838,2512
839,2513
840,2514
838,2515
839,2516
840,2517
838,2518
839,2519
840,2520
841,2521
842,2522
843,2523
841,2524
842,2525
843,2526
841,2527
842,2528
843,2529
844,2530
845,2531
846,2532
844,2533
845,2534
846,2535
844,2536
845,2537
846,2538
847,2539
848,2540
849,2541
847,2542
848,2543
849,2544
847,2545
848,2546
849,2547
850,2548
851,2549
852,2550
850,2551
851,2552
852,2553
850,2554
851,2555
852,2556
853,2557
854,2558
855,2559
853,2560
854,2561
855,2562
853,2563
854,2564
855,2565
856,2566
857,2567
858,2568
856,2569
857,2570
858,2571
856,2572
857,2573
858,2574
859,2575
860,2576
861,2577
859,2578
860,2579
861,2580
859,2581
860,2582
861,2583
862,2584
863,2585
864,2586
862,2587
863,2588
864,2589
862,2590
863,2591
864,2592
865,2593
866,2594
867,2595
865,2596
866,2597
867,2598
865,2599
866,2600
867,2601
868,2602
869,2603
870,2604
868,2605
869,2606
870,2607
868,2608
869,2609
870,2610
871,2611
872,2612
873,2613
871,2614
872,2615
873,2616
871,2617
872,2618
873,2619
874,2620
875,2621
876,2622
874,2623
875,2624
876,2625
874,2626
875,2627
876,2628
877,2629
878,2630
879,2631
877,2632
878,2633
879,2634
877,2635
878,2636
879,2637
880,2638
881,2639
882,2640
880,2641
881,2642
882,2643
880,2644
881,2645
882,2646
883,2647
884,2648
885,2649
883,2650
884,2651
885,2652
883,2653
884,2654
885,2655
886,2656
887,2657
888,2658
886,2659
887,2660
888,2661
886,2662
887,2663
888,2664
889,2665
890,2666
891,2667
889,2668
890,2669
891,2670
889,2671
890,2672
891,2673
892,2674
893,2675
894,2676
892,2677
893,2678
894,2679
892,2680
893,2681
894,2682
895,2683
896,2684
897,2685
895,2686
896,2687
897,2688
895,2689
896,2690
897,2691
898,2692
899,2693
900,2694
898,2695
899,2696
900,2697
898,2698
899,2699
900,2700
991,2701
992,2702
993,2703
991,2704
992,2705
993,2706
991,2707
992,2708
993,2709
994,2710
995,2711
996,2712
994,2713
995,2714
996,2715
994,2716
995,2717
996,2718
997,2719
998,2720
999,2721
997,2722
998,2723
999,2724
997,2725
998,2726
999,2727
1000,2728
1001,2729
1002,2730
1000,2731
1001,2732
1002,2733
1000,2734
1001,2735
1002,2736
1003,2737
1004,2738
1005,2739
1003,2740
1004,2741
1005,2742
1003,2743
1004,2744
1005,2745
1006,2746
1007,2747
1008,2748
1006,2749
1007,2750
1008,2751
1006,2752
1007,2753
1008,2754
1009,2755
1010,2756
1011,2757
1009,2758
1010,2759
1011,2760
1009,2761
1010,2762
1011,2763
1012,2764
1013,2765
1014,2766
1012,2767
1013,2768
1014,2769
1012,2770
1013,2771
1014,2772
1015,2773
1016,2774
1017,2775
1015,2776
1016,2777
1017,2778
1015,2779
1016,2780
1017,2781
1018,2782
1019,2783
1020,2784
1018,2785
1019,2786
1020,2787
1018,2788
1019,2789
1020,2790
1021,2791
1022,2792
1023,2793
1021,2794
1022,2795
1023,2796
1021,2797
1022,2798
1023,2799
1024,2800
1025,2801
1026,2802
1024,2803
1025,2804
1026,2805
1024,2806
1025,2807
1026,2808
1027,2809
1028,2810
1029,2811
1027,2812
1028,2813
1029,2814
1027,2815
1028,2816
1029,2817
1030,2818
1031,2819
1032,2820
1030,2821
1031,2822
1032,2823
1030,2824
1031,2825
1032,2826
1033,2827
1034,2828
1035,2829
1033,2830
1034,2831
1035,2832
1033,2833
1034,2834
1035,2835
1036,2836
1037,2837
1038,2838
1036,2839
1037,2840
1038,2841
1036,2842
1037,2843
1038,2844
1039,2845
1040,2846
1041,2847
1039,2848
1040,2849
1041,2850
1039,2851
1040,2852
1041,2853
1042,2854
1043,2855
1044,2856
1042,2857
1043,2858
1044,2859
1042,2860
1043,2861
1044,2862
1045,2863
1046,2864
1047,2865
1045,2866
1046,2867
1047,2868
1045,2869
1046,2870
1047,2871
1048,2872
1049,2873
1050,2874
1048,2875
1049,2876
1050,2877
1048,2878
1049,2879
1050,2880
1051,2881
1052,2882
1053,2883
1051,2884
1052,2885
1053,2886
1051,2887
1052,2888
1053,2889
1054,2890
1055,2891
1056,2892
1054,2893
1055,2894
1056,2895
1054,2896
1055,2897
1056,2898
1057,2899
1058,2900
1059,2901
1057,2902
1058,2903
1059,2904
1057,2905
1058,2906
1059,2907
1060,2908
1061,2909
1062,2910
1060,2911
1061,2912
1062,2913
1060,2914
1061,2915
1062,2916
1063,2917
1064,2918
1065,2919
1063,2920
1064,2921
1065,2922
1063,2923
1064,2924
1065,2925
1066,2926
1067,2927
1068,2928
1066,2929
1067,2930
1068,2931
1066,2932
1067,2933
1068,2934
1069,2935
1070,2936
1071,2937
1069,2938
1070,2939
1071,2940
1069,2941
1070,2942
1071,2943
1072,2944
1073,2945
1074,2946
1072,2947
1073,2948
1074,2949
1072,2950
1073,2951
1074,2952
1075,2953
1076,2954
1077,2955
1075,2956
1076,2957
1077,2958
1075,2959
1076,2960
1077,2961
1078,2962
1079,2963
1080,2964
1078,2965
1079,2966
1080,2967
1078,2968
1079,2969
1080,2970
901,2971
902,2972
903,2973
901,2974
902,2975
903,2976
901,2977
902,2978
903,2979
904,2980
905,2981
906,2982
904,2983
905,2984
906,2985
904,2986
905,2987
906,2988
907,2989
908,2990
909,2991
907,2992
908,2993
909,2994
907,2995
908,2996
909,2997
910,2998
911,2999
912,3000
910,3001
911,3002
912,3003
910,3004
911,3005
912,3006
913,3007
914,3008
915,3009
913,3010
914,3011
915,3012
913,3013
914,3014
915,3015
916,3016
917,3017
918,3018
916,3019
917,3020
918,3021
916,3022
917,3023
918,3024
919,3025
920,3026
921,3027
919,3028
920,3029
921,3030
919,3031
920,3032
921,3033
922,3034
923,3035
924,3036
922,3037
923,3038
924,3039
922,3040
923,3041
924,3042
925,3043
926,3044
927,3045
925,3046
926,3047
927,3048
925,3049
926,3050
927,3051
928,3052
929,3053
930,3054
928,3055
929,3056
930,3057
928,3058
929,3059
930,3060
931,3061
932,3062
933,3063
931,3064
932,3065
933,3066
931,3067
932,3068
933,3069
934,3070
935,3071
936,3072
934,3073
935,3074
936,3075
934,3076
935,3077
936,3078
937,3079
938,3080
939,3081
937,3082
938,3083
939,3084
937,3085
938,3086
939,3087
940,3088
941,3089
942,3090
940,3091
941,3092
942,3093
940,3094
941,3095
942,3096
943,3097
944,3098
945,3099
943,3100
944,3101
945,3102
943,3103
944,3104
945,3105
946,3106
947,3107
948,3108
946,3109
947,3110
948,3111
946,3112
947,3113
948,3114
949,3115
950,3116
951,3117
949,3118
950,3119
951,3120
949,3121
950,3122
951,3123
952,3124
953,3125
954,3126
952,3127
953,3128
954,3129
952,3130
953,3131
954,3132
955,3133
956,3134
957,3135
955,3136
956,3137
957,3138
955,3139
956,3140
957,3141
958,3142
959,3143
960,3144
958,3145
959,3146
960,3147
958,3148
959,3149
960,3150
961,3151
962,3152
963,3153
961,3154
962,3155
963,3156
961,3157
962,3158
963,3159
964,3160
965,3161
966,3162
964,3163
965,3164
966,3165
964,3166
965,3167
966,3168
967,3169
968,3170
969,3171
967,3172
968,3173
969,3174
967,3175
968,3176
969,3177
970,3178
971,3179
972,3180
970,3181
971,3182
972,3183
970,3184
971,3185
972,3186
973,3187
974,3188
975,3189
973,3190
974,3191
975,3192
973,3193
974,3194
975,3195
976,3196
977,3197
978,3198
976,3199
977,3200
978,3201
976,3202
977,3203
978,3204
979,3205
980,3206
981,3207
979,3208
980,3209
981,3210
979,3211
980,3212
981,3213
982,3214
983,3215
984,3216
982,3217
983,3218
984,3219
982,3220
983,3221
984,3222
985,3223
986,3224
987,3225
985,3226
986,3227
987,3228
985,3229
986,3230
987,3231
988,3232
989,3233
990,3234
988,3235
989,3236
990,3237
988,3238
989,3239
990,3240
1081,3241
1082,3242
1083,3243
1081,3244
1082,3245
1083,3246
1081,3247
1082,3248
1083,3249
1084,3250
1085,3251
1086,3252
1084,3253
1085,3254
1086,3255
1084,3256
1085,3257
1086,3258
1087,3259
1088,3260
1089,3261
1087,3262
1088,3263
1089,3264
1087,3265
1088,3266
1089,3267
1090,3268
1091,3269
1092,3270
1090,3271
1091,3272
1092,3273
1090,3274
1091,3275
1092,3276
1093,3277
1094,3278
1095,3279
1093,3280
1094,3281
1095,3282
1093,3283
1094,3284
1095,3285
1096,3286
1097,3287
1098,3288
1096,3289
1097,3290
1098,3291
1096,3292
1097,3293
1098,3294
1099,3295
1100,3296
1101,3297
1099,3298
1100,3299
1101,3300
1099,3301
1100,3302
1101,3303
1102,3304
1103,3305
1104,3306
1102,3307
1103,3308
1104,3309
1102,3310
1103,3311
1104,3312
1105,3313
1106,3314
1107,3315
1105,3316
1106,3317
1107,3318
1105,3319
1106,3320
1107,3321
1108,3322
1109,3323
1110,3324
1108,3325
1109,3326
1110,3327
1108,3328
1109,3329
1110,3330
1111,3331
1112,3332
1113,3333
1111,3334
1112,3335
1113,3336
1111,3337
1112,3338
1113,3339
1114,3340
1115,3341
1116,3342
1114,3343
1115,3344
1116,3345
1114,3346
1115,3347
1116,3348
1117,3349
1118,3350
1119,3351
1117,3352
1118,3353
1119,3354
1117,3355
1118,3356
1119,3357
1120,3358
1121,3359
1122,3360
1120,3361
1121,3362
1122,3363
1120,3364
1121,3365
1122,3366
1123,3367
1124,3368
1125,3369
1123,3370
1124,3371
1125,3372
1123,3373
1124,3374
1125,3375
1126,3376
1127,3377
1128,3378
1126,3379
1127,3380
1128,3381
1126,3382
1127,3383
1128,3384
1129,3385
1130,3386
1131,3387
1129,3388
1130,3389
1131,3390
1129,3391
1130,3392
1131,3393
1132,3394
1133,3395
1134,3396
1132,3397
1133,3398
1134,3399
1132,3400
1133,3401
1134,3402
1135,3403
1136,3404
1137,3405
1135,3406
1136,3407
1137,3408
1135,3409
1136,3410
1137,3411
1138,3412
1139,3413
1140,3414
1138,3415
1139,3416
1140,3417
1138,3418
1139,3419
1140,3420
1141,3421
1142,3422
1143,3423
1141,3424
1142,3425
1143,3426
1141,3427
1142,3428
1143,3429
1144,3430
1145,3431
1146,3432
1144,3433
1145,3434
1146,3435
1144,3436
1145,3437
1146,3438
1147,3439
1148,3440
1149,3441
1147,3442
1148,3443
1149,3444
1147,3445
1148,3446
1149,3447
1150,3448
1151,3449
1152,3450
1150,3451
1151,3452
1152,3453
1150,3454
1151,3455
1152,3456
1153,3457
1154,3458
1155,3459
1153,3460
1154,3461
1155,3462
1153,3463
1154,3464
1155,3465
1156,3466
1157,3467
1158,3468
1156,3469
1157,3470
1158,3471
1156,3472
1157,3473
1158,3474
1159,3475
1160,3476
1161,3477
1159,3478
1160,3479
1161,3480
1159,3481
1160,3482
1161,3483
1162,3484
1163,3485
1164,3486
1162,3487
1163,3488
1164,3489
1162,3490
1163,3491
1164,3492
1165,3493
1166,3494
1167,3495
1165,3496
1166,3497
1167,3498
1165,3499
1166,3500
1167,3501
1168,3502
1169,3503
1170,3504
1168,3505
1169,3506
1170,3507
1168,3508
1169,3509
1170,3510
1261,3511
1262,3512
1263,3513
1261,3514
1262,3515
1263,3516
1261,3517
1262,3518
1263,3519
1264,3520
1265,3521
1266,3522
1264,3523
1265,3524
1266,3525
1264,3526
1265,3527
1266,3528
1267,3529
1268,3530
1269,3531
1267,3532
1268,3533
1269,3534
1267,3535
1268,3536
1269,3537
1270,3538
1271,3539
1272,3540
1270,3541
1271,3542
1272,3543
1270,3544
1271,3545
1272,3546
1273,3547
1274,3548
1275,3549
1273,3550
1274,3551
1275,3552
1273,3553
1274,3554
1275,3555
1276,3556
1277,3557
1278,3558
1276,3559
1277,3560
1278,3561
1276,3562
1277,3563
1278,3564
1279,3565
1280,3566
1281,3567
1279,3568
1280,3569
1281,3570
1279,3571
1280,3572
1281,3573
1282,3574
1283,3575
1284,3576
1282,3577
1283,3578
1284,3579
1282,3580
1283,3581
1284,3582
1285,3583
1286,3584
1287,3585
1285,3586
1286,3587
1287,3588
1285,3589
1286,3590
1287,3591
1288,3592
1289,3593
1290,3594
1288,3595
1289,3596
1290,3597
1288,3598
1289,3599
1290,3600
1291,3601
1292,3602
1293,3603
1291,3604
1292,3605
1293,3606
1291,3607
1292,3608
1293,3609
1294,3610
1295,3611
1296,3612
1294,3613
1295,3614
1296,3615
1294,3616
1295,3617
1296,3618
1297,3619
1298,3620
1299,3621
1297,3622
1298,3623
1299,3624
1297,3625
1298,3626
1299,3627
1300,3628
1301,3629
1302,3630
1300,3631
1301,3632
1302,3633
1300,3634
1301,3635
1302,3636
1303,3637
1304,3638
1305,3639
1303,3640
1304,3641
1305,3642
1303,3643
1304,3644
1305,3645
1306,3646
1307,3647
1308,3648
1306,3649
1307,3650
1308,3651
1306,3652
1307,3653
1308,3654
1309,3655
1310,3656
1311,3657
1309,3658
1310,3659
1311,3660
1309,3661
1310,3662
1311,3663
1312,3664
1313,3665
1314,3666
1312,3667
1313,3668
1314,3669
1312,3670
1313,3671
1314,3672
1315,3673
1316,3674
1317,3675
1315,3676
1316,3677
1317,3678
1315,3679
1316,3680
1317,3681
1318,3682
1319,3683
1320,3684
1318,3685
1319,3686
1320,3687
1318,3688
1319,3689
1320,3690
1321,3691
1322,3692
1323,3693
1321,3694
1322,3695
1323,3696
1321,3697
1322,3698
1323,3699
1324,3700
1325,3701
1326,3702
1324,3703
1325,3704
1326,3705
1324,3706
1325,3707
1326,3708
1327,3709
1328,3710
1329,3711
1327,3712
1328,3713
1329,3714
1327,3715
1328,3716
1329,3717
1330,3718
1331,3719
1332,3720
1330,3721
1331,3722
1332,3723
1330,3724
1331,3725
1332,3726
1333,3727
1334,3728
1335,3729
1333,3730
1334,3731
1335,3732
1333,3733
1334,3734
1335,3735
1336,3736
1337,3737
1338,3738
1336,3739
1337,3740
1338,3741
1336,3742
1337,3743
1338,3744
1339,3745
1340,3746
1341,3747
1339,3748
1340,3749
1341,3750
1339,3751
1340,3752
1341,3753
1342,3754
1343,3755
1344,3756
1342,3757
1343,3758
1344,3759
1342,3760
1343,3761
1344,3762
1345,3763
1346,3764
1347,3765
1345,3766
1346,3767
1347,3768
1345,3769
1346,3770
1347,3771
1348,3772
1349,3773
1350,3774
1348,3775
1349,3776
1350,3777
1348,3778
1349,3779
1350,3780
1171,3781
1172,3782
1173,3783
1171,3784
1172,3785
1173,3786
1171,3787
1172,3788
1173,3789
1174,3790
1175,3791
1176,3792
1174,3793
1175,3794
1176,3795
1174,3796
1175,3797
1176,3798
1177,3799
1178,3800
1179,3801
1177,3802
1178,3803
1179,3804
1177,3805
1178,3806
1179,3807
1180,3808
1181,3809
1182,3810
1180,3811
1181,3812
1182,3813
1180,3814
1181,3815
1182,3816
1183,3817
1184,3818
1185,3819
1183,3820
1184,3821
1185,3822
1183,3823
1184,3824
1185,3825
1186,3826
1187,3827
1188,3828
1186,3829
1187,3830
1188,3831
1186,3832
1187,3833
1188,3834
1189,3835
1190,3836
1191,3837
1189,3838
1190,3839
1191,3840
1189,3841
1190,3842
1191,3843
1192,3844
1193,3845
1194,3846
1192,3847
1193,3848
1194,3849
1192,3850
1193,3851
1194,3852
1195,3853
1196,3854
1197,3855
1195,3856
1196,3857
1197,3858
1195,3859
1196,3860
1197,3861
1198,3862
1199,3863
1200,3864
1198,3865
1199,3866
1200,3867
1198,3868
1199,3869
1200,3870
1201,3871
1202,3872
1203,3873
1201,3874
1202,3875
1203,3876
1201,3877
1202,3878
1203,3879
1204,3880
1205,3881
1206,3882
1204,3883
1205,3884
1206,3885
1204,3886
1205,3887
1206,3888
1207,3889
1208,3890
1209,3891
1207,3892
1208,3893
1209,3894
1207,3895
1208,3896
1209,3897
1210,3898
1211,3899
1212,3900
1210,3901
1211,3902
1212,3903
1210,3904
1211,3905
1212,3906
1213,3907
1214,3908
1215,3909
1213,3910
1214,3911
1215,3912
1213,3913
1214,3914
1215,3915
1216,3916
1217,3917
1218,3918
1216,3919
1217,3920
1218,3921
1216,3922
1217,3923
1218,3924
1219,3925
1220,3926
1221,3927
1219,3928
1220,3929
1221,3930
1219,3931
1220,3932
1221,3933
1222,3934
1223,3935
1224,3936
1222,3937
1223,3938
1224,3939
1222,3940
1223,3941
1224,3942
1225,3943
1226,3944
1227,3945
1225,3946
1226,3947
1227,3948
1225,3949
1226,3950
1227,3951
1228,3952
1229,3953
1230,3954
1228,3955
1229,3956
1230,3957
1228,3958
1229,3959
1230,3960
1231,3961
1232,3962
1233,3963
1231,3964
1232,3965
1233,3966
1231,3967
1232,3968
1233,3969
1234,3970
1235,3971
1236,3972
1234,3973
1235,3974
1236,3975
1234,3976
1235,3977
1236,3978
1237,3979
1238,3980
1239,3981
1237,3982
1238,3983
1239,3984
1237,3985
1238,3986
1239,3987
1240,3988
1241,3989
1242,3990
1240,3991
1241,3992
1242,3993
1240,3994
1241,3995
1242,3996
1243,3997
1244,3998
1245,3999
1243,4000
1244,4001
1245,4002
1243,4003
1244,4004
1245,4005
1246,4006
1247,4007
1248,4008
1246,4009
1247,4010
1248,4011
1246,4012
1247,4013
1248,4014
1249,4015
1250,4016
1251,4017
1249,4018
1250,4019
1251,4020
1249,4021
1250,4022
1251,4023
1252,4024
1253,4025
1254,4026
1252,4027
1253,4028
1254,4029
1252,4030
1253,4031
1254,4032
1255,4033
1256,4034
1257,4035
1255,4036
1256,4037
1257,4038
1255,4039
1256,4040
1257,4041
1258,4042
1259,4043
1260,4044
1258,4045
1259,4046
1260,4047
1258,4048
1259,4049
1260,4050
1351,4051
1352,4052
1353,4053
1351,4054
1352,4055
1353,4056
1351,4057
1352,4058
1353,4059
1354,4060
1355,4061
1356,4062
1354,4063
1355,4064
1356,4065
1354,4066
1355,4067
1356,4068
1357,4069
1358,4070
1359,4071
1357,4072
1358,4073
1359,4074
1357,4075
1358,4076
1359,4077
1360,4078
1361,4079
1362,4080
1360,4081
1361,4082
1362,4083
1360,4084
1361,4085
1362,4086
1363,4087
1364,4088
1365,4089
1363,4090
1364,4091
1365,4092
1363,4093
1364,4094
1365,4095
1366,4096
1367,4097
1368,4098
1366,4099
1367,4100
1368,4101
1366,4102
1367,4103
1368,4104
1369,4105
1370,4106
1371,4107
1369,4108
1370,4109
1371,4110
1369,4111
1370,4112
1371,4113
1372,4114
1373,4115
1374,4116
1372,4117
1373,4118
1374,4119
1372,4120
1373,4121
1374,4122
1375,4123
1376,4124
1377,4125
1375,4126
1376,4127
1377,4128
1375,4129
1376,4130
1377,4131
1378,4132
1379,4133
1380,4134
1378,4135
1379,4136
1380,4137
1378,4138
1379,4139
1380,4140
1381,4141
1382,4142
1383,4143
1381,4144
1382,4145
1383,4146
1381,4147
1382,4148
1383,4149
1384,4150
1385,4151
1386,4152
1384,4153
1385,4154
1386,4155
1384,4156
1385,4157
1386,4158
1387,4159
1388,4160
1389,4161
1387,4162
1388,4163
1389,4164
1387,4165
1388,4166
1389,4167
1390,4168
1391,4169
1392,4170
1390,4171
1391,4172
1392,4173
1390,4174
1391,4175
1392,4176
1393,4177
1394,4178
1395,4179
1393,4180
1394,4181
1395,4182
1393,4183
1394,4184
1395,4185
1396,4186
1397,4187
1398,4188
1396,4189
1397,4190
1398,4191
1396,4192
1397,4193
1398,4194
1399,4195
1400,4196
1401,4197
1399,4198
1400,4199
1401,4200
1399,4201
1400,4202
1401,4203
1402,4204
1403,4205
1404,4206
1402,4207
1403,4208
1404,4209
1402,4210
1403,4211
1404,4212
1405,4213
1406,4214
1407,4215
1405,4216
1406,4217
1407,4218
1405,4219
1406,4220
1407,4221
1408,4222
1409,4223
1410,4224
1408,4225
1409,4226
1410,4227
1408,4228
1409,4229
1410,4230
1411,4231
1412,4232
1413,4233
1411,4234
1412,4235
1413,4236
1411,4237
1412,4238
1413,4239
1414,4240
1415,4241
1416,4242
1414,4243
1415,4244
1416,4245
1414,4246
1415,4247
1416,4248
1417,4249
1418,4250
1419,4251
1417,4252
1418,4253
1419,4254
1417,4255
1418,4256
1419,4257
1420,4258
1421,4259
1422,4260
1420,4261
1421,4262
1422,4263
1420,4264
1421,4265
1422,4266
1423,4267
1424,4268
1425,4269
1423,4270
1424,4271
1425,4272
1423,4273
1424,4274
1425,4275
1426,4276
1427,4277
1428,4278
1426,4279
1427,4280
1428,4281
1426,4282
1427,4283
1428,4284
1429,4285
1430,4286
1431,4287
1429,4288
1430,4289
1431,4290
1429,4291
1430,4292
1431,4293
1432,4294
1433,4295
1434,4296
1432,4297
1433,4298
1434,4299
1432,4300
1433,4301
1434,4302
1435,4303
1436,4304
1437,4305
1435,4306
1436,4307
1437,4308
1435,4309
1436,4310
1437,4311
1438,4312
1439,4313
1440,4314
1438,4315
1439,4316
1440,4317
1438,4318
1439,4319
1440,4320
1531,4321
1532,4322
1533,4323
1531,4324
1532,4325
1533,4326
1531,4327
1532,4328
1533,4329
1534,4330
1535,4331
1536,4332
1534,4333
1535,4334
1536,4335
1534,4336
1535,4337
1536,4338
1537,4339
1538,4340
1539,4341
1537,4342
1538,4343
1539,4344
1537,4345
1538,4346
1539,4347
1540,4348
1541,4349
1542,4350
1540,4351
1541,4352
1542,4353
1540,4354
1541,4355
1542,4356
1543,4357
1544,4358
1545,4359
1543,4360
1544,4361
1545,4362
1543,4363
1544,4364
1545,4365
1546,4366
1547,4367
1548,4368
1546,4369
1547,4370
1548,4371
1546,4372
1547,4373
1548,4374
1549,4375
1550,4376
1551,4377
1549,4378
1550,4379
1551,4380
1549,4381
1550,4382
1551,4383
1552,4384
1553,4385
1554,4386
1552,4387
1553,4388
1554,4389
1552,4390
1553,4391
1554,4392
1555,4393
1556,4394
1557,4395
1555,4396
1556,4397
1557,4398
1555,4399
1556,4400
1557,4401
1558,4402
1559,4403
1560,4404
1558,4405
1559,4406
1560,4407
1558,4408
1559,4409
1560,4410
1561,4411
1562,4412
1563,4413
1561,4414
1562,4415
1563,4416
1561,4417
1562,4418
1563,4419
1564,4420
1565,4421
1566,4422
1564,4423
1565,4424
1566,4425
1564,4426
1565,4427
1566,4428
1567,4429
1568,4430
1569,4431
1567,4432
1568,4433
1569,4434
1567,4435
1568,4436
1569,4437
1570,4438
1571,4439
1572,4440
1570,4441
1571,4442
1572,4443
1570,4444
1571,4445
1572,4446
1573,4447
1574,4448
1575,4449
1573,4450
1574,4451
1575,4452
1573,4453
1574,4454
1575,4455
1576,4456
1577,4457
1578,4458
1576,4459
1577,4460
1578,4461
1576,4462
1577,4463
1578,4464
1579,4465
1580,4466
1581,4467
1579,4468
1580,4469
1581,4470
1579,4471
1580,4472
1581,4473
1582,4474
1583,4475
1584,4476
1582,4477
1583,4478
1584,4479
1582,4480
1583,4481
1584,4482
1585,4483
1586,4484
1587,4485
1585,4486
1586,4487
1587,4488
1585,4489
1586,4490
1587,4491
1588,4492
1589,4493
1590,4494
1588,4495
1589,4496
1590,4497
1588,4498
1589,4499
1590,4500
1591,4501
1592,4502
1593,4503
1591,4504
1592,4505
1593,4506
1591,4507
1592,4508
1593,4509
1594,4510
1595,4511
1596,4512
1594,4513
1595,4514
1596,4515
1594,4516
1595,4517
1596,4518
1597,4519
1598,4520
1599,4521
1597,4522
1598,4523
1599,4524
1597,4525
1598,4526
1599,4527
1600,4528
1601,4529
1602,4530
1600,4531
1601,4532
1602,4533
1600,4534
1601,4535
1602,4536
1603,4537
1604,4538
1605,4539
1603,4540
1604,4541
1605,4542
1603,4543
1604,4544
1605,4545
1606,4546
1607,4547
1608,4548
1606,4549
1607,4550
1608,4551
1606,4552
1607,4553
1608,4554
1609,4555
1610,4556
1611,4557
1609,4558
1610,4559
1611,4560
1609,4561
1610,4562
1611,4563
1612,4564
1613,4565
1614,4566
1612,4567
1613,4568
1614,4569
1612,4570
1613,4571
1614,4572
1615,4573
1616,4574
1617,4575
1615,4576
1616,4577
1617,4578
1615,4579
1616,4580
1617,4581
1618,4582
1619,4583
1620,4584
1618,4585
1619,4586
1620,4587
1618,4588
1619,4589
1620,4590
1441,4591
1442,4592
1443,4593
1441,4594
1442,4595
1443,4596
1441,4597
1442,4598
1443,4599
1444,4600
1445,4601
1446,4602
1444,4603
1445,4604
1446,4605
1444,4606
1445,4607
1446,4608
1447,4609
1448,4610
1449,4611
1447,4612
1448,4613
1449,4614
1447,4615
1448,4616
1449,4617
1450,4618
1451,4619
1452,4620
1450,4621
1451,4622
1452,4623
1450,4624
1451,4625
1452,4626
1453,4627
1454,4628
1455,4629
1453,4630
1454,4631
1455,4632
1453,4633
1454,4634
1455,4635
1456,4636
1457,4637
1458,4638
1456,4639
1457,4640
1458,4641
1456,4642
1457,4643
1458,4644
1459,4645
1460,4646
1461,4647
1459,4648
1460,4649
1461,4650
1459,4651
1460,4652
1461,4653
1462,4654
1463,4655
1464,4656
1462,4657
1463,4658
1464,4659
1462,4660
1463,4661
1464,4662
1465,4663
1466,4664
1467,4665
1465,4666
1466,4667
1467,4668
1465,4669
1466,4670
1467,4671
1468,4672
1469,4673
1470,4674
1468,4675
1469,4676
1470,4677
1468,4678
1469,4679
1470,4680
1471,4681
1472,4682
1473,4683
1471,4684
1472,4685
1473,4686
1471,4687
1472,4688
1473,4689
1474,4690
1475,4691
1476,4692
1474,4693
1475,4694
1476,4695
1474,4696
1475,4697
1476,4698
1477,4699
1478,4700
1479,4701
1477,4702
1478,4703
1479,4704
1477,4705
1478,4706
1479,4707
1480,4708
1481,4709
1482,4710
1480,4711
1481,4712
1482,4713
1480,4714
1481,4715
1482,4716
1483,4717
1484,4718
1485,4719
1483,4720
1484,4721
1485,4722
1483,4723
1484,4724
1485,4725
1486,4726
1487,4727
1488,4728
1486,4729
1487,4730
1488,4731
1486,4732
1487,4733
1488,4734
1489,4735
1490,4736
1491,4737
1489,4738
1490,4739
1491,4740
1489,4741
1490,4742
1491,4743
1492,4744
1493,4745
1494,4746
1492,4747
1493,4748
1494,4749
1492,4750
1493,4751
1494,4752
1495,4753
1496,4754
1497,4755
1495,4756
1496,4757
1497,4758
1495,4759
1496,4760
1497,4761
1498,4762
1499,4763
1500,4764
1498,4765
1499,4766
1500,4767
1498,4768
1499,4769
1500,4770
1501,4771
1502,4772
1503,4773
1501,4774
1502,4775
1503,4776
1501,4777
1502,4778
1503,4779
1504,4780
1505,4781
1506,4782
1504,4783
1505,4784
1506,4785
1504,4786
1505,4787
1506,4788
1507,4789
1508,4790
1509,4791
1507,4792
1508,4793
1509,4794
1507,4795
1508,4796
1509,4797
1510,4798
1511,4799
1512,4800
1510,4801
1511,4802
1512,4803
1510,4804
1511,4805
1512,4806
1513,4807
1514,4808
1515,4809
1513,4810
1514,4811
1515,4812
1513,4813
1514,4814
1515,4815
1516,4816
1517,4817
1518,4818
1516,4819
1517,4820
1518,4821
1516,4822
1517,4823
1518,4824
1519,4825
1520,4826
1521,4827
1519,4828
1520,4829
1521,4830
1519,4831
1520,4832
1521,4833
1522,4834
1523,4835
1524,4836
1522,4837
1523,4838
1524,4839
1522,4840
1523,4841
1524,4842
1525,4843
1526,4844
1527,4845
1525,4846
1526,4847
1527,4848
1525,4849
1526,4850
1527,4851
1528,4852
1529,4853
1530,4854
1528,4855
1529,4856
1530,4857
1528,4858
1529,4859
1530,4860
1621,4861
1622,4862
1623,4863
1621,4864
1622,4865
1623,4866
1621,4867
1622,4868
1623,4869
1624,4870
1625,4871
1626,4872
1624,4873
1625,4874
1626,4875
1624,4876
1625,4877
1626,4878
1627,4879
1628,4880
1629,4881
1627,4882
1628,4883
1629,4884
1627,4885
1628,4886
1629,4887
1630,4888
1631,4889
1632,4890
1630,4891
1631,4892
1632,4893
1630,4894
1631,4895
1632,4896
1633,4897
1634,4898
1635,4899
1633,4900
1634,4901
1635,4902
1633,4903
1634,4904
1635,4905
1636,4906
1637,4907
1638,4908
1636,4909
1637,4910
1638,4911
1636,4912
1637,4913
1638,4914
1639,4915
1640,4916
1641,4917
1639,4918
1640,4919
1641,4920
1639,4921
1640,4922
1641,4923
1642,4924
1643,4925
1644,4926
1642,4927
1643,4928
1644,4929
1642,4930
1643,4931
1644,4932
1645,4933
1646,4934
1647,4935
1645,4936
1646,4937
1647,4938
1645,4939
1646,4940
1647,4941
1648,4942
1649,4943
1650,4944
1648,4945
1649,4946
1650,4947
1648,4948
1649,4949
1650,4950
1651,4951
1652,4952
1653,4953
1651,4954
1652,4955
1653,4956
1651,4957
1652,4958
1653,4959
1654,4960
1655,4961
1656,4962
1654,4963
1655,4964
1656,4965
1654,4966
1655,4967
1656,4968
1657,4969
1658,4970
1659,4971
1657,4972
1658,4973
1659,4974
1657,4975
1658,4976
1659,4977
1660,4978
1661,4979
1662,4980
1660,4981
1661,4982
1662,4983
1660,4984
1661,4985
1662,4986
1663,4987
1664,4988
1665,4989
1663,4990
1664,4991
1665,4992
1663,4993
1664,4994
1665,4995
1666,4996
1667,4997
1668,4998
1666,4999
1667,5000
1668,5001
1666,5002
1667,5003
1668,5004
1669,5005
1670,5006
1671,5007
1669,5008
1670,5009
1671,5010
1669,5011
1670,5012
1671,5013
1672,5014
1673,5015
1674,5016
1672,5017
1673,5018
1674,5019
1672,5020
1673,5021
1674,5022
1675,5023
1676,5024
1677,5025
1675,5026
1676,5027
1677,5028
1675,5029
1676,5030
1677,5031
1678,5032
1679,5033
1680,5034
1678,5035
1679,5036
1680,5037
1678,5038
1679,5039
1680,5040
1681,5041
1682,5042
1683,5043
1681,5044
1682,5045
1683,5046
1681,5047
1682,5048
1683,5049
1684,5050
1685,5051
1686,5052
1684,5053
1685,5054
1686,5055
1684,5056
1685,5057
1686,5058
1687,5059
1688,5060
1689,5061
1687,5062
1688,5063
1689,5064
1687,5065
1688,5066
1689,5067
1690,5068
1691,5069
1692,5070
1690,5071
1691,5072
1692,5073
1690,5074
1691,5075
1692,5076
1693,5077
1694,5078
1695,5079
1693,5080
1694,5081
1695,5082
1693,5083
1694,5084
1695,5085
1696,5086
1697,5087
1698,5088
1696,5089
1697,5090
1698,5091
1696,5092
1697,5093
1698,5094
1699,5095
1700,5096
1701,5097
1699,5098
1700,5099
1701,5100
1699,5101
1700,5102
1701,5103
1702,5104
1703,5105
1704,5106
1702,5107
1703,5108
1704,5109
1702,5110
1703,5111
1704,5112
1705,5113
1706,5114
1707,5115
1705,5116
1706,5117
1707,5118
1705,5119
1706,5120
1707,5121
1708,5122
1709,5123
1710,5124
1708,5125
1709,5126
1710,5127
1708,5128
1709,5129
1710,5130
1801,5131
1802,5132
1803,5133
1801,5134
1802,5135
1803,5136
1801,5137
1802,5138
1803,5139
1804,5140
1805,5141
1806,5142
1804,5143
1805,5144
1806,5145
1804,5146
1805,5147
1806,5148
1807,5149
1808,5150
1809,5151
1807,5152
1808,5153
1809,5154
1807,5155
1808,5156
1809,5157
1810,5158
1811,5159
1812,5160
1810,5161
1811,5162
1812,5163
1810,5164
1811,5165
1812,5166
1813,5167
1814,5168
1815,5169
1813,5170
1814,5171
1815,5172
1813,5173
1814,5174
1815,5175
1816,5176
1817,5177
1818,5178
1816,5179
1817,5180
1818,5181
1816,5182
1817,5183
1818,5184
1819,5185
1820,5186
1821,5187
1819,5188
1820,5189
1821,5190
1819,5191
1820,5192
1821,5193
1822,5194
1823,5195
1824,5196
1822,5197
1823,5198
1824,5199
1822,5200
1823,5201
1824,5202
1825,5203
1826,5204
1827,5205
1825,5206
1826,5207
1827,5208
1825,5209
1826,5210
1827,5211
1828,5212
1829,5213
1830,5214
1828,5215
1829,5216
1830,5217
1828,5218
1829,5219
1830,5220
1831,5221
1832,5222
1833,5223
1831,5224
1832,5225
1833,5226
1831,5227
1832,5228
1833,5229
1834,5230
1835,5231
1836,5232
1834,5233
1835,5234
1836,5235
1834,5236
1835,5237
1836,5238
1837,5239
1838,5240
1839,5241
1837,5242
1838,5243
1839,5244
1837,5245
1838,5246
1839,5247
1840,5248
1841,5249
1842,5250
1840,5251
1841,5252
1842,5253
1840,5254
1841,5255
1842,5256
1843,5257
1844,5258
1845,5259
1843,5260
1844,5261
1845,5262
1843,5263
1844,5264
1845,5265
1846,5266
1847,5267
1848,5268
1846,5269
1847,5270
1848,5271
1846,5272
1847,5273
1848,5274
1849,5275
1850,5276
1851,5277
1849,5278
1850,5279
1851,5280
1849,5281
1850,5282
1851,5283
1852,5284
1853,5285
1854,5286
1852,5287
1853,5288
1854,5289
1852,5290
1853,5291
1854,5292
1855,5293
1856,5294
1857,5295
1855,5296
1856,5297
1857,5298
1855,5299
1856,5300
1857,5301
1858,5302
1859,5303
1860,5304
1858,5305
1859,5306
1860,5307
1858,5308
1859,5309
1860,5310
1861,5311
1862,5312
1863,5313
1861,5314
1862,5315
1863,5316
1861,5317
1862,5318
1863,5319
1864,5320
1865,5321
1866,5322
1864,5323
1865,5324
1866,5325
1864,5326
1865,5327
1866,5328
1867,5329
1868,5330
1869,5331
1867,5332
1868,5333
1869,5334
1867,5335
1868,5336
1869,5337
1870,5338
1871,5339
1872,5340
1870,5341
1871,5342
1872,5343
1870,5344
1871,5345
1872,5346
1873,5347
1874,5348
1875,5349
1873,5350
1874,5351
1875,5352
1873,5353
1874,5354
1875,5355
1876,5356
1877,5357
1878,5358
1876,5359
1877,5360
1878,5361
1876,5362
1877,5363
1878,5364
1879,5365
1880,5366
1881,5367
1879,5368
1880,5369
1881,5370
1879,5371
1880,5372
1881,5373
1882,5374
1883,5375
1884,5376
1882,5377
1883,5378
1884,5379
1882,5380
1883,5381
1884,5382
1885,5383
1886,5384
1887,5385
1885,5386
1886,5387
1887,5388
1885,5389
1886,5390
1887,5391
1888,5392
1889,5393
1890,5394
1888,5395
1889,5396
1890,5397
1888,5398
1889,5399
1890,5400
1711,5401
1712,5402
1713,5403
1711,5404
1712,5405
1713,5406
1711,5407
1712,5408
1713,5409
1714,5410
1715,5411
1716,5412
1714,5413
1715,5414
1716,5415
1714,5416
1715,5417
1716,5418
1717,5419
1718,5420
1719,5421
1717,5422
1718,5423
1719,5424
1717,5425
1718,5426
1719,5427
1720,5428
1721,5429
1722,5430
1720,5431
1721,5432
1722,5433
1720,5434
1721,5435
1722,5436
1723,5437
1724,5438
1725,5439
1723,5440
1724,5441
1725,5442
1723,5443
1724,5444
1725,5445
1726,5446
1727,5447
1728,5448
1726,5449
1727,5450
1728,5451
1726,5452
1727,5453
1728,5454
1729,5455
1730,5456
1731,5457
1729,5458
1730,5459
1731,5460
1729,5461
1730,5462
1731,5463
1732,5464
1733,5465
1734,5466
1732,5467
1733,5468
1734,5469
1732,5470
1733,5471
1734,5472
1735,5473
1736,5474
1737,5475
1735,5476
1736,5477
1737,5478
1735,5479
1736,5480
1737,5481
1738,5482
1739,5483
1740,5484
1738,5485
1739,5486
1740,5487
1738,5488
1739,5489
1740,5490
1741,5491
1742,5492
1743,5493
1741,5494
1742,5495
1743,5496
1741,5497
1742,5498
1743,5499
1744,5500
1745,5501
1746,5502
1744,5503
1745,5504
1746,5505
1744,5506
1745,5507
1746,5508
1747,5509
1748,5510
1749,5511
1747,5512
1748,5513
1749,5514
1747,5515
1748,5516
1749,5517
1750,5518
1751,5519
1752,5520
1750,5521
1751,5522
1752,5523
1750,5524
1751,5525
1752,5526
1753,5527
1754,5528
1755,5529
1753,5530
1754,5531
1755,5532
1753,5533
1754,5534
1755,5535
1756,5536
1757,5537
1758,5538
1756,5539
1757,5540
1758,5541
1756,5542
1757,5543
1758,5544
1759,5545
1760,5546
1761,5547
1759,5548
1760,5549
1761,5550
1759,5551
1760,5552
1761,5553
1762,5554
1763,5555
1764,5556
1762,5557
1763,5558
1764,5559
1762,5560
1763,5561
1764,5562
1765,5563
1766,5564
1767,5565
1765,5566
1766,5567
1767,5568
1765,5569
1766,5570
1767,5571
1768,5572
1769,5573
1770,5574
1768,5575
1769,5576
1770,5577
1768,5578
1769,5579
1770,5580
1771,5581
1772,5582
1773,5583
1771,5584
1772,5585
1773,5586
1771,5587
1772,5588
1773,5589
1774,5590
1775,5591
1776,5592
1774,5593
1775,5594
1776,5595
1774,5596
1775,5597
1776,5598
1777,5599
1778,5600
1779,5601
1777,5602
1778,5603
1779,5604
1777,5605
1778,5606
1779,5607
1780,5608
1781,5609
1782,5610
1780,5611
1781,5612
1782,5613
1780,5614
1781,5615
1782,5616
1783,5617
1784,5618
1785,5619
1783,5620
1784,5621
1785,5622
1783,5623
1784,5624
1785,5625
1786,5626
1787,5627
1788,5628
1786,5629
1787,5630
1788,5631
1786,5632
1787,5633
1788,5634
1789,5635
1790,5636
1791,5637
1789,5638
1790,5639
1791,5640
1789,5641
1790,5642
1791,5643
1792,5644
1793,5645
1794,5646
1792,5647
1793,5648
1794,5649
1792,5650
1793,5651
1794,5652
1795,5653
1796,5654
1797,5655
1795,5656
1796,5657
1797,5658
1795,5659
1796,5660
1797,5661
1798,5662
1799,5663
1800,5664
1798,5665
1799,5666
1800,5667
1798,5668
1799,5669
1800,5670
