pno,tno
1,2
2,5
2,6
3,34
3,35
181,41
182,43
183,65
91,71
92,71
91,72
91,73
93,93
1,101
6,102
4,103
4,104
2,107
2,108
5,109
5,132
3,136
3,137
184,141
181,142
182,144
185,156
186,162
183,164
92,172
93,173
94,175
95,178
96,179
6,201
7,205
4,206
4,207
9,208
2,209
2,210
7,210
8,235
8,236
5,237
3,238
3,239
5,239
184,242
182,245
189,245
186,254
185,255
188,260
183,262
187,268
92,274
94,276
95,277
96,281
93,284
97,289
98,292
99,296
3,303
5,303
3,304
5,304
9,305
6,309
9,310
10,311
11,311
12,311
10,312
11,312
2,332
6,332
2,333
7,333
7,334
8,338
3,340
8,340
190,341
191,342
189,343
182,347
186,352
188,353
187,354
185,358
183,370
92,376
102,377
101,378
94,380
95,382
96,383
100,389
97,391
98,393
99,397
93,400
3,402
8,405
5,406
5,407
12,412
10,413
11,413
13,414
13,415
14,416
14,417
15,418
15,419
9,432
9,433
6,437
6,439
191,441
190,442
189,450
188,452
194,456
186,457
185,459
192,461
193,464
183,467
93,474
103,475
105,477
102,484
104,485
96,486
95,490
98,494
100,494
101,495
99,498
6,503
6,504
8,510
12,513
11,514
13,516
16,517
14,518
16,518
15,520
17,521
17,522
18,525
18,526
9,534
9,535
196,543
191,546
188,548
186,551
193,553
194,553
189,556
195,556
183,563
192,563
197,567
103,571
105,572
106,573
104,580
108,582
93,585
96,587
102,587
107,591
101,592
98,595
99,599
6,606
6,607
12,614
11,615
14,619
16,619
19,620
15,621
19,621
17,623
20,626
18,627
20,627
21,630
21,631
192,644
186,649
196,649
191,652
194,652
195,654
189,659
197,661
198,668
199,668
199,670
108,671
110,672
102,674
107,677
106,679
104,681
105,684
111,685
101,686
96,688
109,696
99,700
12,715
14,720
15,722
19,722
22,723
24,723
17,724
22,724
24,724
18,728
20,728
21,729
23,730
23,731
192,743
203,751
195,752
189,757
203,757
197,760
200,761
201,761
200,762
204,762
198,763
199,764
198,765
200,766
201,767
204,770
113,771
104,773
99,775
114,775
107,776
112,780
110,781
108,783
111,786
109,788
104,789
105,790
102,797
12,816
27,816
12,817
27,817
24,822
15,823
26,824
17,825
22,825
26,825
25,826
25,827
21,828
18,829
20,829
23,829
204,848
204,850
205,851
195,853
197,853
201,853
201,857
205,858
202,864
202,867
203,869
113,872
114,876
115,881
116,883
112,884
102,887
110,887
117,887
111,889
107,895
105,898
108,900
30,902
27,915
29,919
29,920
24,921
26,923
15,924
21,927
23,928
25,928
28,929
18,930
20,930
28,930
20,931
206,941
207,949
207,950
206,953
208,953
206,954
208,960
210,970
111,971
113,973
114,977
108,978
115,982
116,984
117,988
110,992
118,993
105,994
119,995
120,999
30,1001
31,1002
32,1005
32,1006
27,1014
29,1018
24,1020
26,1022
21,1026
23,1026
23,1027
18,1031
28,1031
33,1034
33,1035
207,1044
211,1046
209,1051
209,1052
211,1055
212,1060
210,1066
210,1068
213,1070
113,1074
121,1075
122,1077
114,1078
123,1081
116,1085
117,1089
108,1092
118,1094
119,1096
111,1099
120,1100
31,1101
36,1102
34,1103
34,1104
32,1107
32,1108
35,1109
30,1111
27,1113
29,1117
24,1119
26,1121
21,1125
35,1132
33,1136
33,1137
211,1142
211,1149
210,1153
212,1153
209,1154
215,1160
213,1161
210,1162
216,1162
214,1169
120,1171
111,1174
121,1176
114,1179
122,1180
123,1182
116,1186
124,1187
125,1189
117,1190
126,1193
119,1197
36,1201
35,1203
37,1205
39,1205
34,1206
34,1207
39,1208
32,1209
32,1210
37,1210
27,1212
29,1216
30,1216
24,1218
38,1235
38,1236
35,1237
33,1238
33,1239
215,1246
218,1250
214,1252
212,1254
219,1255
213,1257
210,1259
216,1259
214,1263
217,1263
219,1270
128,1271
120,1272
129,1275
122,1278
114,1280
123,1283
124,1288
125,1290
117,1291
126,1294
119,1298
127,1300
33,1303
35,1304
35,1306
36,1309
39,1310
27,1311
40,1311
41,1311
42,1311
40,1312
41,1312
42,1312
30,1321
32,1332
36,1332
32,1333
37,1333
37,1334
38,1337
38,1338
33,1340
210,1342
218,1342
215,1343
218,1344
213,1349
220,1350
216,1351
212,1356
219,1356
217,1359
222,1360
217,1361
221,1362
215,1364
128,1372
120,1373
129,1376
122,1379
130,1381
131,1383
123,1384
132,1385
125,1391
117,1392
126,1395
135,1397
127,1399
33,1404
35,1407
40,1413
41,1413
42,1413
43,1414
43,1415
44,1416
44,1417
45,1418
45,1419
30,1426
39,1432
36,1437
36,1439
38,1439
38,1440
213,1441
218,1441
220,1441
220,1447
216,1452
219,1453
222,1454
224,1456
215,1461
221,1461
223,1464
225,1470
128,1473
120,1474
129,1477
130,1482
131,1484
123,1485
132,1486
133,1491
125,1492
134,1493
126,1496
135,1498
33,1502
36,1503
36,1504
38,1505
38,1510
41,1514
42,1514
43,1516
46,1517
44,1518
46,1518
45,1520
47,1521
47,1522
48,1525
48,1526
39,1533
218,1543
216,1550
219,1551
224,1552
213,1553
222,1553
223,1554
228,1560
223,1561
226,1561
226,1562
225,1563
227,1563
221,1565
128,1574
136,1574
137,1576
129,1578
138,1580
131,1585
123,1586
132,1587
133,1592
134,1594
126,1597
135,1599
36,1606
36,1607
41,1615
42,1615
44,1619
46,1619
49,1620
45,1621
49,1621
47,1623
50,1626
48,1627
50,1627
51,1630
51,1631
39,1634
230,1641
216,1642
224,1642
219,1647
231,1650
222,1651
226,1651
226,1652
221,1654
228,1656
229,1657
227,1661
225,1665
139,1671
140,1673
136,1675
137,1677
141,1677
129,1679
138,1681
131,1686
132,1688
134,1695
126,1698
135,1700
42,1716
44,1720
45,1722
49,1722
52,1723
54,1723
47,1724
52,1724
54,1724
48,1728
50,1728
51,1729
53,1730
53,1731
39,1735
224,1741
230,1742
230,1744
234,1745
222,1746
230,1747
231,1747
219,1748
229,1751
228,1752
229,1756
227,1757
225,1758
232,1763
233,1764
135,1771
139,1772
140,1774
137,1778
141,1778
129,1780
138,1782
142,1783
143,1785
132,1789
144,1789
134,1796
57,1816
42,1817
57,1817
54,1822
45,1823
56,1824
47,1825
52,1825
56,1825
55,1826
55,1827
51,1828
48,1829
50,1829
53,1829
222,1842
231,1842
234,1843
230,1849
227,1851
228,1851
227,1854
225,1855
236,1856
237,1859
232,1861
233,1861
232,1862
235,1865
147,1871
135,1872
140,1875
137,1879
141,1879
138,1883
142,1884
143,1886
132,1890
144,1890
145,1895
146,1897
60,1902
57,1915
59,1919
59,1920
54,1921
56,1923
45,1924
51,1927
53,1928
55,1928
58,1929
48,1930
50,1930
58,1930
50,1931
234,1941
225,1943
236,1944
231,1949
228,1950
230,1950
235,1951
237,1952
233,1954
235,1954
235,1961
239,1965
240,1965
238,1970
147,1972
135,1973
140,1976
148,1977
149,1979
141,1980
150,1983
138,1984
143,1987
144,1991
145,1996
146,1998
60,2001
61,2002
62,2005
62,2007
57,2014
59,2018
54,2020
56,2022
51,2026
53,2026
53,2027
48,2031
58,2031
63,2034
63,2035
231,2043
241,2047
236,2050
233,2051
237,2051
228,2053
238,2056
240,2056
239,2061
238,2062
243,2063
242,2066
234,2067
147,2073
148,2078
149,2080
141,2081
150,2084
138,2085
143,2088
151,2089
152,2091
144,2092
153,2095
146,2099
61,2101
66,2102
64,2103
64,2104
62,2108
65,2109
60,2111
57,2113
59,2117
54,2119
56,2121
51,2125
65,2132
63,2136
63,2137
241,2141
241,2146
236,2148
231,2153
245,2155
240,2159
242,2161
244,2162
239,2164
243,2166
246,2166
237,2168
246,2168
234,2169
154,2171
155,2173
147,2174
156,2177
149,2181
141,2182
150,2185
151,2190
152,2192
144,2193
153,2196
146,2200
66,2201
65,2203
67,2205
64,2206
64,2207
69,2208
62,2209
62,2210
67,2210
57,2212
59,2216
60,2216
54,2218
68,2235
65,2237
63,2238
63,2239
240,2251
245,2251
244,2252
239,2253
234,2254
244,2254
246,2254
242,2255
239,2258
243,2259
249,2262
248,2263
247,2266
237,2269
154,2272
155,2274
147,2275
156,2278
149,2282
157,2283
158,2285
150,2286
159,2289
152,2293
144,2294
153,2297
63,2303
65,2304
69,2305
66,2309
57,2311
70,2311
71,2311
72,2311
70,2312
71,2312
72,2312
60,2321
62,2332
66,2332
62,2333
67,2333
67,2334
68,2336
63,2340
247,2342
246,2345
245,2346
240,2348
242,2352
243,2353
247,2357
249,2357
248,2361
237,2364
250,2365
252,2367
251,2369
152,2371
155,2375
147,2376
156,2379
157,2384
158,2386
150,2387
159,2390
152,2394
160,2395
161,2397
153,2398
63,2404
65,2406
65,2407
69,2410
70,2413
71,2413
72,2413
73,2414
73,2415
74,2416
74,2417
75,2418
75,2419
60,2426
66,2437
68,2438
66,2439
68,2440
240,2441
245,2441
246,2449
243,2451
248,2452
249,2452
251,2454
254,2455
252,2461
250,2463
255,2466
253,2467
250,2468
152,2472
155,2476
153,2477
154,2479
156,2480
165,2483
158,2487
150,2488
159,2491
160,2496
161,2498
153,2499
63,2502
66,2503
66,2504
68,2505
68,2510
71,2514
72,2514
73,2516
76,2517
74,2518
76,2518
75,2520
77,2521
77,2522
78,2525
78,2526
69,2532
257,2542
243,2543
246,2543
251,2546
258,2550
248,2553
253,2557
252,2558
254,2559
249,2560
253,2561
255,2561
256,2567
168,2571
162,2573
163,2578
164,2580
156,2581
165,2584
158,2588
166,2589
159,2592
167,2593
168,2593
161,2599
153,2600
66,2606
66,2607
71,2615
72,2615
74,2619
76,2619
79,2620
75,2621
79,2621
77,2623
80,2626
78,2627
80,2627
81,2630
81,2631
69,2633
69,2634
258,2644
252,2647
257,2647
251,2648
249,2651
254,2651
246,2653
256,2654
255,2655
256,2658
259,2660
260,2660
261,2660
162,2674
169,2677
170,2679
164,2681
156,2682
171,2683
165,2685
166,2690
159,2693
167,2694
168,2694
161,2700
72,2716
74,2720
75,2722
79,2722
82,2723
84,2723
77,2724
82,2724
84,2724
78,2728
80,2728
80,2729
81,2729
83,2730
83,2731
69,2735
258,2741
254,2747
255,2747
252,2749
249,2750
257,2750
259,2750
260,2752
262,2758
261,2759
264,2763
263,2770
173,2771
162,2775
174,2775
169,2778
170,2780
164,2782
171,2784
165,2786
172,2789
159,2794
167,2795
168,2795
87,2816
72,2817
87,2817
84,2822
75,2823
86,2824
77,2825
82,2825
86,2825
85,2826
85,2827
81,2828
83,2828
78,2829
83,2829
80,2830
255,2841
257,2841
252,2844
260,2848
265,2849
264,2850
262,2852
258,2854
262,2855
261,2858
267,2860
263,2863
263,2864
266,2869
173,2872
162,2876
174,2876
170,2881
175,2881
176,2882
177,2883
171,2885
165,2887
167,2896
168,2896
172,2900
90,2902
87,2915
89,2919
89,2920
84,2921
86,2923
75,2924
81,2927
83,2927
85,2928
88,2929
78,2930
88,2930
80,2931
264,2942
265,2942
260,2944
268,2945
270,2953
261,2954
267,2954
269,2958
258,2959
263,2961
266,2962
255,2964
179,2971
173,2973
174,2977
170,2982
175,2982
176,2983
177,2984
171,2986
168,2987
165,2988
178,2991
180,2995
90,3001
87,3014
89,3018
84,3020
86,3022
81,3026
83,3026
78,3031
88,3031
268,3043
264,3048
268,3050
258,3051
267,3051
261,3053
270,3055
269,3056
263,3062
266,3064
179,3072
173,3074
174,3078
178,3082
176,3084
177,3085
171,3087
168,3088
180,3096
90,3111
87,3113
89,3117
84,3119
86,3121
81,3125
264,3145
267,3148
261,3151
269,3151
270,3151
266,3161
179,3174
174,3179
176,3185
177,3186
171,3188
180,3197
87,3212
89,3216
90,3216
84,3218
264,3241
267,3245
270,3249
269,3254
179,3275
174,3280
177,3287
180,3299
87,3311
90,3321
267,3341
270,3342
177,3388
90,3426
270,3445
180,3498
271,2
272,5
272,6
273,34
273,35
451,41
452,43
453,65
361,71
362,71
361,72
361,73
363,93
271,101
276,102
274,103
274,104
272,107
272,108
275,109
275,132
273,136
273,137
454,141
451,142
452,144
455,156
456,162
453,164
362,172
363,173
364,175
365,178
366,179
276,201
277,205
274,206
274,207
279,208
272,209
272,210
277,210
278,235
278,236
275,237
273,238
273,239
275,239
454,242
452,245
459,245
456,254
455,255
458,260
453,262
457,268
362,274
364,276
365,277
366,281
363,284
367,289
368,292
369,296
273,303
275,303
273,304
275,304
279,305
276,309
279,310
280,311
281,311
282,311
280,312
281,312
272,332
276,332
272,333
277,333
277,334
278,338
273,340
278,340
460,341
461,342
459,343
452,347
456,352
458,353
457,354
455,358
453,370
362,376
372,377
371,378
364,380
365,382
366,383
370,389
367,391
368,393
369,397
363,400
273,402
278,405
275,406
275,407
282,412
280,413
281,413
283,414
283,415
284,416
284,417
285,418
285,419
279,432
279,433
276,437
276,439
461,441
460,442
459,450
458,452
464,456
456,457
455,459
462,461
463,464
453,467
363,474
373,475
375,477
372,484
374,485
366,486
365,490
368,494
370,494
371,495
369,498
276,503
276,504
278,510
282,513
281,514
283,516
286,517
284,518
286,518
285,520
287,521
287,522
288,525
288,526
279,534
279,535
466,543
461,546
458,548
456,551
463,553
464,553
459,556
465,556
453,563
462,563
467,567
373,571
375,572
376,573
374,580
378,582
363,585
366,587
372,587
377,591
371,592
368,595
369,599
276,606
276,607
282,614
281,615
284,619
286,619
289,620
285,621
289,621
287,623
290,626
288,627
290,627
291,630
291,631
462,644
456,649
466,649
461,652
464,652
465,654
459,659
467,661
468,668
469,668
469,670
378,671
380,672
372,674
377,677
376,679
374,681
375,684
381,685
371,686
366,688
379,696
369,700
282,715
284,720
285,722
289,722
292,723
294,723
287,724
292,724
294,724
288,728
290,728
291,729
293,730
293,731
462,743
473,751
465,752
459,757
473,757
467,760
470,761
471,761
470,762
474,762
468,763
469,764
468,765
470,766
471,767
474,770
383,771
374,773
369,775
384,775
377,776
382,780
380,781
378,783
381,786
379,788
374,789
375,790
372,797
282,816
297,816
282,817
297,817
294,822
285,823
296,824
287,825
292,825
296,825
295,826
295,827
291,828
288,829
290,829
293,829
474,848
474,850
475,851
465,853
467,853
471,853
471,857
475,858
472,864
472,867
473,869
383,872
384,876
385,881
386,883
382,884
372,887
380,887
387,887
381,889
377,895
375,898
378,900
300,902
297,915
299,919
299,920
294,921
296,923
285,924
291,927
293,928
295,928
298,929
288,930
290,930
298,930
290,931
476,941
477,949
477,950
476,953
478,953
476,954
478,960
480,970
381,971
383,973
384,977
378,978
385,982
386,984
387,988
380,992
388,993
375,994
389,995
390,999
300,1001
301,1002
302,1005
302,1006
297,1014
299,1018
294,1020
296,1022
291,1026
293,1026
293,1027
288,1031
298,1031
303,1034
303,1035
477,1044
481,1046
479,1051
479,1052
481,1055
482,1060
480,1066
480,1068
483,1070
383,1074
391,1075
392,1077
384,1078
393,1081
386,1085
387,1089
378,1092
388,1094
389,1096
381,1099
390,1100
301,1101
306,1102
304,1103
304,1104
302,1107
302,1108
305,1109
300,1111
297,1113
299,1117
294,1119
296,1121
291,1125
305,1132
303,1136
303,1137
481,1142
481,1149
480,1153
482,1153
479,1154
485,1160
483,1161
480,1162
486,1162
484,1169
390,1171
381,1174
391,1176
384,1179
392,1180
393,1182
386,1186
394,1187
395,1189
387,1190
396,1193
389,1197
306,1201
305,1203
307,1205
309,1205
304,1206
304,1207
309,1208
302,1209
302,1210
307,1210
297,1212
299,1216
300,1216
294,1218
308,1235
308,1236
305,1237
303,1238
303,1239
485,1246
488,1250
484,1252
482,1254
489,1255
483,1257
480,1259
486,1259
484,1263
487,1263
489,1270
398,1271
390,1272
399,1275
392,1278
384,1280
393,1283
394,1288
395,1290
387,1291
396,1294
389,1298
397,1300
303,1303
305,1304
305,1306
306,1309
309,1310
297,1311
310,1311
311,1311
312,1311
310,1312
311,1312
312,1312
300,1321
302,1332
306,1332
302,1333
307,1333
307,1334
308,1337
308,1338
303,1340
480,1342
488,1342
485,1343
488,1344
483,1349
490,1350
486,1351
482,1356
489,1356
487,1359
492,1360
487,1361
491,1362
485,1364
398,1372
390,1373
399,1376
392,1379
400,1381
401,1383
393,1384
402,1385
395,1391
387,1392
396,1395
405,1397
397,1399
303,1404
305,1407
310,1413
311,1413
312,1413
313,1414
313,1415
314,1416
314,1417
315,1418
315,1419
300,1426
309,1432
306,1437
306,1439
308,1439
308,1440
483,1441
488,1441
490,1441
490,1447
486,1452
489,1453
492,1454
494,1456
485,1461
491,1461
493,1464
495,1470
398,1473
390,1474
399,1477
400,1482
401,1484
393,1485
402,1486
403,1491
395,1492
404,1493
396,1496
405,1498
303,1502
306,1503
306,1504
308,1505
308,1510
311,1514
312,1514
313,1516
316,1517
314,1518
316,1518
315,1520
317,1521
317,1522
318,1525
318,1526
309,1533
488,1543
486,1550
489,1551
494,1552
483,1553
492,1553
493,1554
498,1560
493,1561
496,1561
496,1562
495,1563
497,1563
491,1565
398,1574
406,1574
407,1576
399,1578
408,1580
401,1585
393,1586
402,1587
403,1592
404,1594
396,1597
405,1599
306,1606
306,1607
311,1615
312,1615
314,1619
316,1619
319,1620
315,1621
319,1621
317,1623
320,1626
318,1627
320,1627
321,1630
321,1631
309,1634
500,1641
486,1642
494,1642
489,1647
501,1650
492,1651
496,1651
496,1652
491,1654
498,1656
499,1657
497,1661
495,1665
409,1671
410,1673
406,1675
407,1677
411,1677
399,1679
408,1681
401,1686
402,1688
404,1695
396,1698
405,1700
312,1716
314,1720
315,1722
319,1722
322,1723
324,1723
317,1724
322,1724
324,1724
318,1728
320,1728
321,1729
323,1730
323,1731
309,1735
494,1741
500,1742
500,1744
504,1745
492,1746
500,1747
501,1747
489,1748
499,1751
498,1752
499,1756
497,1757
495,1758
502,1763
503,1764
405,1771
409,1772
410,1774
407,1778
411,1778
399,1780
408,1782
412,1783
413,1785
402,1789
414,1789
404,1796
327,1816
312,1817
327,1817
324,1822
315,1823
326,1824
317,1825
322,1825
326,1825
325,1826
325,1827
321,1828
318,1829
320,1829
323,1829
492,1842
501,1842
504,1843
500,1849
497,1851
498,1851
497,1854
495,1855
506,1856
507,1859
502,1861
503,1861
502,1862
505,1865
417,1871
405,1872
410,1875
407,1879
411,1879
408,1883
412,1884
413,1886
402,1890
414,1890
415,1895
416,1897
330,1902
327,1915
329,1919
329,1920
324,1921
326,1923
315,1924
321,1927
323,1928
325,1928
328,1929
318,1930
320,1930
328,1930
320,1931
504,1941
495,1943
506,1944
501,1949
498,1950
500,1950
505,1951
507,1952
503,1954
505,1954
505,1961
509,1965
510,1965
508,1970
417,1972
405,1973
410,1976
418,1977
419,1979
411,1980
420,1983
408,1984
413,1987
414,1991
415,1996
416,1998
330,2001
331,2002
332,2005
332,2007
327,2014
329,2018
324,2020
326,2022
321,2026
323,2026
323,2027
318,2031
328,2031
333,2034
333,2035
501,2043
511,2047
506,2050
503,2051
507,2051
498,2053
508,2056
510,2056
509,2061
508,2062
513,2063
512,2066
504,2067
417,2073
418,2078
419,2080
411,2081
420,2084
408,2085
413,2088
421,2089
422,2091
414,2092
423,2095
416,2099
331,2101
336,2102
334,2103
334,2104
332,2108
335,2109
330,2111
327,2113
329,2117
324,2119
326,2121
321,2125
335,2132
333,2136
333,2137
511,2141
511,2146
506,2148
501,2153
515,2155
510,2159
512,2161
514,2162
509,2164
513,2166
516,2166
507,2168
516,2168
504,2169
424,2171
425,2173
417,2174
426,2177
419,2181
411,2182
420,2185
421,2190
422,2192
414,2193
423,2196
416,2200
336,2201
335,2203
337,2205
334,2206
334,2207
339,2208
332,2209
332,2210
337,2210
327,2212
329,2216
330,2216
324,2218
338,2235
335,2237
333,2238
333,2239
510,2251
515,2251
514,2252
509,2253
504,2254
514,2254
516,2254
512,2255
509,2258
513,2259
519,2262
518,2263
517,2266
507,2269
424,2272
425,2274
417,2275
426,2278
419,2282
427,2283
428,2285
420,2286
429,2289
422,2293
414,2294
423,2297
333,2303
335,2304
339,2305
336,2309
327,2311
340,2311
341,2311
342,2311
340,2312
341,2312
342,2312
330,2321
332,2332
336,2332
332,2333
337,2333
337,2334
338,2336
333,2340
517,2342
516,2345
515,2346
510,2348
512,2352
513,2353
517,2357
519,2357
518,2361
507,2364
520,2365
522,2367
521,2369
422,2371
425,2375
417,2376
426,2379
427,2384
428,2386
420,2387
429,2390
422,2394
430,2395
431,2397
423,2398
333,2404
335,2406
335,2407
339,2410
340,2413
341,2413
342,2413
343,2414
343,2415
344,2416
344,2417
345,2418
345,2419
330,2426
336,2437
338,2438
336,2439
338,2440
510,2441
515,2441
516,2449
513,2451
518,2452
519,2452
521,2454
524,2455
522,2461
520,2463
525,2466
523,2467
520,2468
422,2472
425,2476
423,2477
424,2479
426,2480
435,2483
428,2487
420,2488
429,2491
430,2496
431,2498
423,2499
333,2502
336,2503
336,2504
338,2505
338,2510
341,2514
342,2514
343,2516
346,2517
344,2518
346,2518
345,2520
347,2521
347,2522
348,2525
348,2526
339,2532
527,2542
513,2543
516,2543
521,2546
528,2550
518,2553
523,2557
522,2558
524,2559
519,2560
523,2561
525,2561
526,2567
438,2571
432,2573
433,2578
434,2580
426,2581
435,2584
428,2588
436,2589
429,2592
437,2593
438,2593
431,2599
423,2600
336,2606
336,2607
341,2615
342,2615
344,2619
346,2619
349,2620
345,2621
349,2621
347,2623
350,2626
348,2627
350,2627
351,2630
351,2631
339,2633
339,2634
528,2644
522,2647
527,2647
521,2648
519,2651
524,2651
516,2653
526,2654
525,2655
526,2658
529,2660
530,2660
531,2660
432,2674
439,2677
440,2679
434,2681
426,2682
441,2683
435,2685
436,2690
429,2693
437,2694
438,2694
431,2700
342,2716
344,2720
345,2722
349,2722
352,2723
354,2723
347,2724
352,2724
354,2724
348,2728
350,2728
350,2729
351,2729
353,2730
353,2731
339,2735
528,2741
524,2747
525,2747
522,2749
519,2750
527,2750
529,2750
530,2752
532,2758
531,2759
534,2763
533,2770
443,2771
432,2775
444,2775
439,2778
440,2780
434,2782
441,2784
435,2786
442,2789
429,2794
437,2795
438,2795
357,2816
342,2817
357,2817
354,2822
345,2823
356,2824
347,2825
352,2825
356,2825
355,2826
355,2827
351,2828
353,2828
348,2829
353,2829
350,2830
525,2841
527,2841
522,2844
530,2848
535,2849
534,2850
532,2852
528,2854
532,2855
531,2858
537,2860
533,2863
533,2864
536,2869
443,2872
432,2876
444,2876
440,2881
445,2881
446,2882
447,2883
441,2885
435,2887
437,2896
438,2896
442,2900
360,2902
357,2915
359,2919
359,2920
354,2921
356,2923
345,2924
351,2927
353,2927
355,2928
358,2929
348,2930
358,2930
350,2931
534,2942
535,2942
530,2944
538,2945
540,2953
531,2954
537,2954
539,2958
528,2959
533,2961
536,2962
525,2964
449,2971
443,2973
444,2977
440,2982
445,2982
446,2983
447,2984
441,2986
438,2987
435,2988
448,2991
450,2995
360,3001
357,3014
359,3018
354,3020
356,3022
351,3026
353,3026
348,3031
358,3031
538,3043
534,3048
538,3050
528,3051
537,3051
531,3053
540,3055
539,3056
533,3062
536,3064
449,3072
443,3074
444,3078
448,3082
446,3084
447,3085
441,3087
438,3088
450,3096
360,3111
357,3113
359,3117
354,3119
356,3121
351,3125
534,3145
537,3148
531,3151
539,3151
540,3151
536,3161
449,3174
444,3179
446,3185
447,3186
441,3188
450,3197
357,3212
359,3216
360,3216
354,3218
534,3241
537,3245
540,3249
539,3254
449,3275
444,3280
447,3287
450,3299
357,3311
360,3321
537,3341
540,3342
447,3388
360,3426
540,3445
450,3498
541,2
542,5
542,6
543,34
543,35
721,41
722,43
723,65
631,71
632,71
631,72
631,73
633,93
541,101
546,102
544,103
544,104
542,107
542,108
545,109
545,132
543,136
543,137
724,141
721,142
722,144
725,156
726,162
723,164
632,172
633,173
634,175
635,178
636,179
546,201
547,205
544,206
544,207
549,208
542,209
542,210
547,210
548,235
548,236
545,237
543,238
543,239
545,239
724,242
722,245
729,245
726,254
725,255
728,260
723,262
727,268
632,274
634,276
635,277
636,281
633,284
637,289
638,292
639,296
543,303
545,303
543,304
545,304
549,305
546,309
549,310
550,311
551,311
552,311
550,312
551,312
542,332
546,332
542,333
547,333
547,334
548,338
543,340
548,340
730,341
731,342
729,343
722,347
726,352
728,353
727,354
725,358
723,370
632,376
642,377
641,378
634,380
635,382
636,383
640,389
637,391
638,393
639,397
633,400
543,402
548,405
545,406
545,407
552,412
550,413
551,413
553,414
553,415
554,416
554,417
555,418
555,419
549,432
549,433
546,437
546,439
731,441
730,442
729,450
728,452
734,456
726,457
725,459
732,461
733,464
723,467
633,474
643,475
645,477
642,484
644,485
636,486
635,490
638,494
640,494
641,495
639,498
546,503
546,504
548,510
552,513
551,514
553,516
556,517
554,518
556,518
555,520
557,521
557,522
558,525
558,526
549,534
549,535
736,543
731,546
728,548
726,551
733,553
734,553
729,556
735,556
723,563
732,563
737,567
643,571
645,572
646,573
644,580
648,582
633,585
636,587
642,587
647,591
641,592
638,595
639,599
546,606
546,607
552,614
551,615
554,619
556,619
559,620
555,621
559,621
557,623
560,626
558,627
560,627
561,630
561,631
732,644
726,649
736,649
731,652
734,652
735,654
729,659
737,661
738,668
739,668
739,670
648,671
650,672
642,674
647,677
646,679
644,681
645,684
651,685
641,686
636,688
649,696
639,700
552,715
554,720
555,722
559,722
562,723
564,723
557,724
562,724
564,724
558,728
560,728
561,729
563,730
563,731
732,743
743,751
735,752
729,757
743,757
737,760
740,761
741,761
740,762
744,762
738,763
739,764
738,765
740,766
741,767
744,770
653,771
644,773
639,775
654,775
647,776
652,780
650,781
648,783
651,786
649,788
644,789
645,790
642,797
552,816
567,816
552,817
567,817
564,822
555,823
566,824
557,825
562,825
566,825
565,826
565,827
561,828
558,829
560,829
563,829
744,848
744,850
745,851
735,853
737,853
741,853
741,857
745,858
742,864
742,867
743,869
653,872
654,876
655,881
656,883
652,884
642,887
650,887
657,887
651,889
647,895
645,898
648,900
570,902
567,915
569,919
569,920
564,921
566,923
555,924
561,927
563,928
565,928
568,929
558,930
560,930
568,930
560,931
746,941
747,949
747,950
746,953
748,953
746,954
748,960
750,970
651,971
653,973
654,977
648,978
655,982
656,984
657,988
650,992
658,993
645,994
659,995
660,999
570,1001
571,1002
572,1005
572,1006
567,1014
569,1018
564,1020
566,1022
561,1026
563,1026
563,1027
558,1031
568,1031
573,1034
573,1035
747,1044
751,1046
749,1051
749,1052
751,1055
752,1060
750,1066
750,1068
753,1070
653,1074
661,1075
662,1077
654,1078
663,1081
656,1085
657,1089
648,1092
658,1094
659,1096
651,1099
660,1100
571,1101
576,1102
574,1103
574,1104
572,1107
572,1108
575,1109
570,1111
567,1113
569,1117
564,1119
566,1121
561,1125
575,1132
573,1136
573,1137
751,1142
751,1149
750,1153
752,1153
749,1154
755,1160
753,1161
750,1162
756,1162
754,1169
660,1171
651,1174
661,1176
654,1179
662,1180
663,1182
656,1186
664,1187
665,1189
657,1190
666,1193
659,1197
576,1201
575,1203
577,1205
579,1205
574,1206
574,1207
579,1208
572,1209
572,1210
577,1210
567,1212
569,1216
570,1216
564,1218
578,1235
578,1236
575,1237
573,1238
573,1239
755,1246
758,1250
754,1252
752,1254
759,1255
753,1257
750,1259
756,1259
754,1263
757,1263
759,1270
668,1271
660,1272
669,1275
662,1278
654,1280
663,1283
664,1288
665,1290
657,1291
666,1294
659,1298
667,1300
573,1303
575,1304
575,1306
576,1309
579,1310
567,1311
580,1311
581,1311
582,1311
580,1312
581,1312
582,1312
570,1321
572,1332
576,1332
572,1333
577,1333
577,1334
578,1337
578,1338
573,1340
750,1342
758,1342
755,1343
758,1344
753,1349
760,1350
756,1351
752,1356
759,1356
757,1359
762,1360
757,1361
761,1362
755,1364
668,1372
660,1373
669,1376
662,1379
670,1381
671,1383
663,1384
672,1385
665,1391
657,1392
666,1395
675,1397
667,1399
573,1404
575,1407
580,1413
581,1413
582,1413
583,1414
583,1415
584,1416
584,1417
585,1418
585,1419
570,1426
579,1432
576,1437
576,1439
578,1439
578,1440
753,1441
758,1441
760,1441
760,1447
756,1452
759,1453
762,1454
764,1456
755,1461
761,1461
763,1464
765,1470
668,1473
660,1474
669,1477
670,1482
671,1484
663,1485
672,1486
673,1491
665,1492
674,1493
666,1496
675,1498
573,1502
576,1503
576,1504
578,1505
578,1510
581,1514
582,1514
583,1516
586,1517
584,1518
586,1518
585,1520
587,1521
587,1522
588,1525
588,1526
579,1533
758,1543
756,1550
759,1551
764,1552
753,1553
762,1553
763,1554
768,1560
763,1561
766,1561
766,1562
765,1563
767,1563
761,1565
668,1574
676,1574
677,1576
669,1578
678,1580
671,1585
663,1586
672,1587
673,1592
674,1594
666,1597
675,1599
576,1606
576,1607
581,1615
582,1615
584,1619
586,1619
589,1620
585,1621
589,1621
587,1623
590,1626
588,1627
590,1627
591,1630
591,1631
579,1634
770,1641
756,1642
764,1642
759,1647
771,1650
762,1651
766,1651
766,1652
761,1654
768,1656
769,1657
767,1661
765,1665
679,1671
680,1673
676,1675
677,1677
681,1677
669,1679
678,1681
671,1686
672,1688
674,1695
666,1698
675,1700
582,1716
584,1720
585,1722
589,1722
592,1723
594,1723
587,1724
592,1724
594,1724
588,1728
590,1728
591,1729
593,1730
593,1731
579,1735
764,1741
770,1742
770,1744
774,1745
762,1746
770,1747
771,1747
759,1748
769,1751
768,1752
769,1756
767,1757
765,1758
772,1763
773,1764
675,1771
679,1772
680,1774
677,1778
681,1778
669,1780
678,1782
682,1783
683,1785
672,1789
684,1789
674,1796
597,1816
582,1817
597,1817
594,1822
585,1823
596,1824
587,1825
592,1825
596,1825
595,1826
595,1827
591,1828
588,1829
590,1829
593,1829
762,1842
771,1842
774,1843
770,1849
767,1851
768,1851
767,1854
765,1855
776,1856
777,1859
772,1861
773,1861
772,1862
775,1865
687,1871
675,1872
680,1875
677,1879
681,1879
678,1883
682,1884
683,1886
672,1890
684,1890
685,1895
686,1897
600,1902
597,1915
599,1919
599,1920
594,1921
596,1923
585,1924
591,1927
593,1928
595,1928
598,1929
588,1930
590,1930
598,1930
590,1931
774,1941
765,1943
776,1944
771,1949
768,1950
770,1950
775,1951
777,1952
773,1954
775,1954
775,1961
779,1965
780,1965
778,1970
687,1972
675,1973
680,1976
688,1977
689,1979
681,1980
690,1983
678,1984
683,1987
684,1991
685,1996
686,1998
600,2001
601,2002
602,2005
602,2007
597,2014
599,2018
594,2020
596,2022
591,2026
593,2026
593,2027
588,2031
598,2031
603,2034
603,2035
771,2043
781,2047
776,2050
773,2051
777,2051
768,2053
778,2056
780,2056
779,2061
778,2062
783,2063
782,2066
774,2067
687,2073
688,2078
689,2080
681,2081
690,2084
678,2085
683,2088
691,2089
692,2091
684,2092
693,2095
686,2099
601,2101
606,2102
604,2103
604,2104
602,2108
605,2109
600,2111
597,2113
599,2117
594,2119
596,2121
591,2125
605,2132
603,2136
603,2137
781,2141
781,2146
776,2148
771,2153
785,2155
780,2159
782,2161
784,2162
779,2164
783,2166
786,2166
777,2168
786,2168
774,2169
694,2171
695,2173
687,2174
696,2177
689,2181
681,2182
690,2185
691,2190
692,2192
684,2193
693,2196
686,2200
606,2201
605,2203
607,2205
604,2206
604,2207
609,2208
602,2209
602,2210
607,2210
597,2212
599,2216
600,2216
594,2218
608,2235
605,2237
603,2238
603,2239
780,2251
785,2251
784,2252
779,2253
774,2254
784,2254
786,2254
782,2255
779,2258
783,2259
789,2262
788,2263
787,2266
777,2269
694,2272
695,2274
687,2275
696,2278
689,2282
697,2283
698,2285
690,2286
699,2289
692,2293
684,2294
693,2297
603,2303
605,2304
609,2305
606,2309
597,2311
610,2311
611,2311
612,2311
610,2312
611,2312
612,2312
600,2321
602,2332
606,2332
602,2333
607,2333
607,2334
608,2336
603,2340
787,2342
786,2345
785,2346
780,2348
782,2352
783,2353
787,2357
789,2357
788,2361
777,2364
790,2365
792,2367
791,2369
692,2371
695,2375
687,2376
696,2379
697,2384
698,2386
690,2387
699,2390
692,2394
700,2395
701,2397
693,2398
603,2404
605,2406
605,2407
609,2410
610,2413
611,2413
612,2413
613,2414
613,2415
614,2416
614,2417
615,2418
615,2419
600,2426
606,2437
608,2438
606,2439
608,2440
780,2441
785,2441
786,2449
783,2451
788,2452
789,2452
791,2454
794,2455
792,2461
790,2463
795,2466
793,2467
790,2468
692,2472
695,2476
693,2477
694,2479
696,2480
705,2483
698,2487
690,2488
699,2491
700,2496
701,2498
693,2499
603,2502
606,2503
606,2504
608,2505
608,2510
611,2514
612,2514
613,2516
616,2517
614,2518
616,2518
615,2520
617,2521
617,2522
618,2525
618,2526
609,2532
797,2542
783,2543
786,2543
791,2546
798,2550
788,2553
793,2557
792,2558
794,2559
789,2560
793,2561
795,2561
796,2567
708,2571
702,2573
703,2578
704,2580
696,2581
705,2584
698,2588
706,2589
699,2592
707,2593
708,2593
701,2599
693,2600
606,2606
606,2607
611,2615
612,2615
614,2619
616,2619
619,2620
615,2621
619,2621
617,2623
620,2626
618,2627
620,2627
621,2630
621,2631
609,2633
609,2634
798,2644
792,2647
797,2647
791,2648
789,2651
794,2651
786,2653
796,2654
795,2655
796,2658
799,2660
800,2660
801,2660
702,2674
709,2677
710,2679
704,2681
696,2682
711,2683
705,2685
706,2690
699,2693
707,2694
708,2694
701,2700
612,2716
614,2720
615,2722
619,2722
622,2723
624,2723
617,2724
622,2724
624,2724
618,2728
620,2728
620,2729
621,2729
623,2730
623,2731
609,2735
798,2741
794,2747
795,2747
792,2749
789,2750
797,2750
799,2750
800,2752
802,2758
801,2759
804,2763
803,2770
713,2771
702,2775
714,2775
709,2778
710,2780
704,2782
711,2784
705,2786
712,2789
699,2794
707,2795
708,2795
627,2816
612,2817
627,2817
624,2822
615,2823
626,2824
617,2825
622,2825
626,2825
625,2826
625,2827
621,2828
623,2828
618,2829
623,2829
620,2830
795,2841
797,2841
792,2844
800,2848
805,2849
804,2850
802,2852
798,2854
802,2855
801,2858
807,2860
803,2863
803,2864
806,2869
713,2872
702,2876
714,2876
710,2881
715,2881
716,2882
717,2883
711,2885
705,2887
707,2896
708,2896
712,2900
630,2902
627,2915
629,2919
629,2920
624,2921
626,2923
615,2924
621,2927
623,2927
625,2928
628,2929
618,2930
628,2930
620,2931
804,2942
805,2942
800,2944
808,2945
810,2953
801,2954
807,2954
809,2958
798,2959
803,2961
806,2962
795,2964
719,2971
713,2973
714,2977
710,2982
715,2982
716,2983
717,2984
711,2986
708,2987
705,2988
718,2991
720,2995
630,3001
627,3014
629,3018
624,3020
626,3022
621,3026
623,3026
618,3031
628,3031
808,3043
804,3048
808,3050
798,3051
807,3051
801,3053
810,3055
809,3056
803,3062
806,3064
719,3072
713,3074
714,3078
718,3082
716,3084
717,3085
711,3087
708,3088
720,3096
630,3111
627,3113
629,3117
624,3119
626,3121
621,3125
804,3145
807,3148
801,3151
809,3151
810,3151
806,3161
719,3174
714,3179
716,3185
717,3186
711,3188
720,3197
627,3212
629,3216
630,3216
624,3218
804,3241
807,3245
810,3249
809,3254
719,3275
714,3280
717,3287
720,3299
627,3311
630,3321
807,3341
810,3342
717,3388
630,3426
810,3445
720,3498
811,2
812,5
812,6
813,34
813,35
991,41
992,43
993,65
901,71
902,71
901,72
901,73
903,93
811,101
816,102
814,103
814,104
812,107
812,108
815,109
815,132
813,136
813,137
994,141
991,142
992,144
995,156
996,162
993,164
902,172
903,173
904,175
905,178
906,179
816,201
817,205
814,206
814,207
819,208
812,209
812,210
817,210
818,235
818,236
815,237
813,238
813,239
815,239
994,242
992,245
999,245
996,254
995,255
998,260
993,262
997,268
902,274
904,276
905,277
906,281
903,284
907,289
908,292
909,296
813,303
815,303
813,304
815,304
819,305
816,309
819,310
820,311
821,311
822,311
820,312
821,312
812,332
816,332
812,333
817,333
817,334
818,338
813,340
818,340
1000,341
1001,342
999,343
992,347
996,352
998,353
997,354
995,358
993,370
902,376
912,377
911,378
904,380
905,382
906,383
910,389
907,391
908,393
909,397
903,400
813,402
818,405
815,406
815,407
822,412
820,413
821,413
823,414
823,415
824,416
824,417
825,418
825,419
819,432
819,433
816,437
816,439
1001,441
1000,442
999,450
998,452
1004,456
996,457
995,459
1002,461
1003,464
993,467
903,474
913,475
915,477
912,484
914,485
906,486
905,490
908,494
910,494
911,495
909,498
816,503
816,504
818,510
822,513
821,514
823,516
826,517
824,518
826,518
825,520
827,521
827,522
828,525
828,526
819,534
819,535
1006,543
1001,546
998,548
996,551
1003,553
1004,553
999,556
1005,556
993,563
1002,563
1007,567
913,571
915,572
916,573
914,580
918,582
903,585
906,587
912,587
917,591
911,592
908,595
909,599
816,606
816,607
822,614
821,615
824,619
826,619
829,620
825,621
829,621
827,623
830,626
828,627
830,627
831,630
831,631
1002,644
996,649
1006,649
1001,652
1004,652
1005,654
999,659
1007,661
1008,668
1009,668
1009,670
918,671
920,672
912,674
917,677
916,679
914,681
915,684
921,685
911,686
906,688
919,696
909,700
822,715
824,720
825,722
829,722
832,723
834,723
827,724
832,724
834,724
828,728
830,728
831,729
833,730
833,731
1002,743
1013,751
1005,752
999,757
1013,757
1007,760
1010,761
1011,761
1010,762
1014,762
1008,763
1009,764
1008,765
1010,766
1011,767
1014,770
923,771
914,773
909,775
924,775
917,776
922,780
920,781
918,783
921,786
919,788
914,789
915,790
912,797
822,816
837,816
822,817
837,817
834,822
825,823
836,824
827,825
832,825
836,825
835,826
835,827
831,828
828,829
830,829
833,829
1014,848
1014,850
1015,851
1005,853
1007,853
1011,853
1011,857
1015,858
1012,864
1012,867
1013,869
923,872
924,876
925,881
926,883
922,884
912,887
920,887
927,887
921,889
917,895
915,898
918,900
840,902
837,915
839,919
839,920
834,921
836,923
825,924
831,927
833,928
835,928
838,929
828,930
830,930
838,930
830,931
1016,941
1017,949
1017,950
1016,953
1018,953
1016,954
1018,960
1020,970
921,971
923,973
924,977
918,978
925,982
926,984
927,988
920,992
928,993
915,994
929,995
930,999
840,1001
841,1002
842,1005
842,1006
837,1014
839,1018
834,1020
836,1022
831,1026
833,1026
833,1027
828,1031
838,1031
843,1034
843,1035
1017,1044
1021,1046
1019,1051
1019,1052
1021,1055
1022,1060
1020,1066
1020,1068
1023,1070
923,1074
931,1075
932,1077
924,1078
933,1081
926,1085
927,1089
918,1092
928,1094
929,1096
921,1099
930,1100
841,1101
846,1102
844,1103
844,1104
842,1107
842,1108
845,1109
840,1111
837,1113
839,1117
834,1119
836,1121
831,1125
845,1132
843,1136
843,1137
1021,1142
1021,1149
1020,1153
1022,1153
1019,1154
1025,1160
1023,1161
1020,1162
1026,1162
1024,1169
930,1171
921,1174
931,1176
924,1179
932,1180
933,1182
926,1186
934,1187
935,1189
927,1190
936,1193
929,1197
846,1201
845,1203
847,1205
849,1205
844,1206
844,1207
849,1208
842,1209
842,1210
847,1210
837,1212
839,1216
840,1216
834,1218
848,1235
848,1236
845,1237
843,1238
843,1239
1025,1246
1028,1250
1024,1252
1022,1254
1029,1255
1023,1257
1020,1259
1026,1259
1024,1263
1027,1263
1029,1270
938,1271
930,1272
939,1275
932,1278
924,1280
933,1283
934,1288
935,1290
927,1291
936,1294
929,1298
937,1300
843,1303
845,1304
845,1306
846,1309
849,1310
837,1311
850,1311
851,1311
852,1311
850,1312
851,1312
852,1312
840,1321
842,1332
846,1332
842,1333
847,1333
847,1334
848,1337
848,1338
843,1340
1020,1342
1028,1342
1025,1343
1028,1344
1023,1349
1030,1350
1026,1351
1022,1356
1029,1356
1027,1359
1032,1360
1027,1361
1031,1362
1025,1364
938,1372
930,1373
939,1376
932,1379
940,1381
941,1383
933,1384
942,1385
935,1391
927,1392
936,1395
945,1397
937,1399
843,1404
845,1407
850,1413
851,1413
852,1413
853,1414
853,1415
854,1416
854,1417
855,1418
855,1419
840,1426
849,1432
846,1437
846,1439
848,1439
848,1440
1023,1441
1028,1441
1030,1441
1030,1447
1026,1452
1029,1453
1032,1454
1034,1456
1025,1461
1031,1461
1033,1464
1035,1470
938,1473
930,1474
939,1477
940,1482
941,1484
933,1485
942,1486
943,1491
935,1492
944,1493
936,1496
945,1498
843,1502
846,1503
846,1504
848,1505
848,1510
851,1514
852,1514
853,1516
856,1517
854,1518
856,1518
855,1520
857,1521
857,1522
858,1525
858,1526
849,1533
1028,1543
1026,1550
1029,1551
1034,1552
1023,1553
1032,1553
1033,1554
1038,1560
1033,1561
1036,1561
1036,1562
1035,1563
1037,1563
1031,1565
938,1574
946,1574
947,1576
939,1578
948,1580
941,1585
933,1586
942,1587
943,1592
944,1594
936,1597
945,1599
846,1606
846,1607
851,1615
852,1615
854,1619
856,1619
859,1620
855,1621
859,1621
857,1623
860,1626
858,1627
860,1627
861,1630
861,1631
849,1634
1040,1641
1026,1642
1034,1642
1029,1647
1041,1650
1032,1651
1036,1651
1036,1652
1031,1654
1038,1656
1039,1657
1037,1661
1035,1665
949,1671
950,1673
946,1675
947,1677
951,1677
939,1679
948,1681
941,1686
942,1688
944,1695
936,1698
945,1700
852,1716
854,1720
855,1722
859,1722
862,1723
864,1723
857,1724
862,1724
864,1724
858,1728
860,1728
861,1729
863,1730
863,1731
849,1735
1034,1741
1040,1742
1040,1744
1044,1745
1032,1746
1040,1747
1041,1747
1029,1748
1039,1751
1038,1752
1039,1756
1037,1757
1035,1758
1042,1763
1043,1764
945,1771
949,1772
950,1774
947,1778
951,1778
939,1780
948,1782
952,1783
953,1785
942,1789
954,1789
944,1796
867,1816
852,1817
867,1817
864,1822
855,1823
866,1824
857,1825
862,1825
866,1825
865,1826
865,1827
861,1828
858,1829
860,1829
863,1829
1032,1842
1041,1842
1044,1843
1040,1849
1037,1851
1038,1851
1037,1854
1035,1855
1046,1856
1047,1859
1042,1861
1043,1861
1042,1862
1045,1865
957,1871
945,1872
950,1875
947,1879
951,1879
948,1883
952,1884
953,1886
942,1890
954,1890
955,1895
956,1897
870,1902
867,1915
869,1919
869,1920
864,1921
866,1923
855,1924
861,1927
863,1928
865,1928
868,1929
858,1930
860,1930
868,1930
860,1931
1044,1941
1035,1943
1046,1944
1041,1949
1038,1950
1040,1950
1045,1951
1047,1952
1043,1954
1045,1954
1045,1961
1049,1965
1050,1965
1048,1970
957,1972
945,1973
950,1976
958,1977
959,1979
951,1980
960,1983
948,1984
953,1987
954,1991
955,1996
956,1998
870,2001
871,2002
872,2005
872,2007
867,2014
869,2018
864,2020
866,2022
861,2026
863,2026
863,2027
858,2031
868,2031
873,2034
873,2035
1041,2043
1051,2047
1046,2050
1043,2051
1047,2051
1038,2053
1048,2056
1050,2056
1049,2061
1048,2062
1053,2063
1052,2066
1044,2067
957,2073
958,2078
959,2080
951,2081
960,2084
948,2085
953,2088
961,2089
962,2091
954,2092
963,2095
956,2099
871,2101
876,2102
874,2103
874,2104
872,2108
875,2109
870,2111
867,2113
869,2117
864,2119
866,2121
861,2125
875,2132
873,2136
873,2137
1051,2141
1051,2146
1046,2148
1041,2153
1055,2155
1050,2159
1052,2161
1054,2162
1049,2164
1053,2166
1056,2166
1047,2168
1056,2168
1044,2169
964,2171
965,2173
957,2174
966,2177
959,2181
951,2182
960,2185
961,2190
962,2192
954,2193
963,2196
956,2200
876,2201
875,2203
877,2205
874,2206
874,2207
879,2208
872,2209
872,2210
877,2210
867,2212
869,2216
870,2216
864,2218
878,2235
875,2237
873,2238
873,2239
1050,2251
1055,2251
1054,2252
1049,2253
1044,2254
1054,2254
1056,2254
1052,2255
1049,2258
1053,2259
1059,2262
1058,2263
1057,2266
1047,2269
964,2272
965,2274
957,2275
966,2278
959,2282
967,2283
968,2285
960,2286
969,2289
962,2293
954,2294
963,2297
873,2303
875,2304
879,2305
876,2309
867,2311
880,2311
881,2311
882,2311
880,2312
881,2312
882,2312
870,2321
872,2332
876,2332
872,2333
877,2333
877,2334
878,2336
873,2340
1057,2342
1056,2345
1055,2346
1050,2348
1052,2352
1053,2353
1057,2357
1059,2357
1058,2361
1047,2364
1060,2365
1062,2367
1061,2369
962,2371
965,2375
957,2376
966,2379
967,2384
968,2386
960,2387
969,2390
962,2394
970,2395
971,2397
963,2398
873,2404
875,2406
875,2407
879,2410
880,2413
881,2413
882,2413
883,2414
883,2415
884,2416
884,2417
885,2418
885,2419
870,2426
876,2437
878,2438
876,2439
878,2440
1050,2441
1055,2441
1056,2449
1053,2451
1058,2452
1059,2452
1061,2454
1064,2455
1062,2461
1060,2463
1065,2466
1063,2467
1060,2468
962,2472
965,2476
963,2477
964,2479
966,2480
975,2483
968,2487
960,2488
969,2491
970,2496
971,2498
963,2499
873,2502
876,2503
876,2504
878,2505
878,2510
881,2514
882,2514
883,2516
886,2517
884,2518
886,2518
885,2520
887,2521
887,2522
888,2525
888,2526
879,2532
1067,2542
1053,2543
1056,2543
1061,2546
1068,2550
1058,2553
1063,2557
1062,2558
1064,2559
1059,2560
1063,2561
1065,2561
1066,2567
978,2571
972,2573
973,2578
974,2580
966,2581
975,2584
968,2588
976,2589
969,2592
977,2593
978,2593
971,2599
963,2600
876,2606
876,2607
881,2615
882,2615
884,2619
886,2619
889,2620
885,2621
889,2621
887,2623
890,2626
888,2627
890,2627
891,2630
891,2631
879,2633
879,2634
1068,2644
1062,2647
1067,2647
1061,2648
1059,2651
1064,2651
1056,2653
1066,2654
1065,2655
1066,2658
1069,2660
1070,2660
1071,2660
972,2674
979,2677
980,2679
974,2681
966,2682
981,2683
975,2685
976,2690
969,2693
977,2694
978,2694
971,2700
882,2716
884,2720
885,2722
889,2722
892,2723
894,2723
887,2724
892,2724
894,2724
888,2728
890,2728
890,2729
891,2729
893,2730
893,2731
879,2735
1068,2741
1064,2747
1065,2747
1062,2749
1059,2750
1067,2750
1069,2750
1070,2752
1072,2758
1071,2759
1074,2763
1073,2770
983,2771
972,2775
984,2775
979,2778
980,2780
974,2782
981,2784
975,2786
982,2789
969,2794
977,2795
978,2795
897,2816
882,2817
897,2817
894,2822
885,2823
896,2824
887,2825
892,2825
896,2825
895,2826
895,2827
891,2828
893,2828
888,2829
893,2829
890,2830
1065,2841
1067,2841
1062,2844
1070,2848
1075,2849
1074,2850
1072,2852
1068,2854
1072,2855
1071,2858
1077,2860
1073,2863
1073,2864
1076,2869
983,2872
972,2876
984,2876
980,2881
985,2881
986,2882
987,2883
981,2885
975,2887
977,2896
978,2896
982,2900
900,2902
897,2915
899,2919
899,2920
894,2921
896,2923
885,2924
891,2927
893,2927
895,2928
898,2929
888,2930
898,2930
890,2931
1074,2942
1075,2942
1070,2944
1078,2945
1080,2953
1071,2954
1077,2954
1079,2958
1068,2959
1073,2961
1076,2962
1065,2964
989,2971
983,2973
984,2977
980,2982
985,2982
986,2983
987,2984
981,2986
978,2987
975,2988
988,2991
990,2995
900,3001
897,3014
899,3018
894,3020
896,3022
891,3026
893,3026
888,3031
898,3031
1078,3043
1074,3048
1078,3050
1068,3051
1077,3051
1071,3053
1080,3055
1079,3056
1073,3062
1076,3064
989,3072
983,3074
984,3078
988,3082
986,3084
987,3085
981,3087
978,3088
990,3096
900,3111
897,3113
899,3117
894,3119
896,3121
891,3125
1074,3145
1077,3148
1071,3151
1079,3151
1080,3151
1076,3161
989,3174
984,3179
986,3185
987,3186
981,3188
990,3197
897,3212
899,3216
900,3216
894,3218
1074,3241
1077,3245
1080,3249
1079,3254
989,3275
984,3280
987,3287
990,3299
897,3311
900,3321
1077,3341
1080,3342
987,3388
900,3426
1080,3445
990,3498
1081,2
1082,5
1082,6
1083,34
1083,35
1261,41
1262,43
1263,65
1171,71
1172,71
1171,72
1171,73
1173,93
1081,101
1086,102
1084,103
1084,104
1082,107
1082,108
1085,109
1085,132
1083,136
1083,137
1264,141
1261,142
1262,144
1265,156
1266,162
1263,164
1172,172
1173,173
1174,175
1175,178
1176,179
1086,201
1087,205
1084,206
1084,207
1089,208
1082,209
1082,210
1087,210
1088,235
1088,236
1085,237
1083,238
1083,239
1085,239
1264,242
1262,245
1269,245
1266,254
1265,255
1268,260
1263,262
1267,268
1172,274
1174,276
1175,277
1176,281
1173,284
1177,289
1178,292
1179,296
1083,303
1085,303
1083,304
1085,304
1089,305
1086,309
1089,310
1090,311
1091,311
1092,311
1090,312
1091,312
1082,332
1086,332
1082,333
1087,333
1087,334
1088,338
1083,340
1088,340
1270,341
1271,342
1269,343
1262,347
1266,352
1268,353
1267,354
1265,358
1263,370
1172,376
1182,377
1181,378
1174,380
1175,382
1176,383
1180,389
1177,391
1178,393
1179,397
1173,400
1083,402
1088,405
1085,406
1085,407
1092,412
1090,413
1091,413
1093,414
1093,415
1094,416
1094,417
1095,418
1095,419
1089,432
1089,433
1086,437
1086,439
1271,441
1270,442
1269,450
1268,452
1274,456
1266,457
1265,459
1272,461
1273,464
1263,467
1173,474
1183,475
1185,477
1182,484
1184,485
1176,486
1175,490
1178,494
1180,494
1181,495
1179,498
1086,503
1086,504
1088,510
1092,513
1091,514
1093,516
1096,517
1094,518
1096,518
1095,520
1097,521
1097,522
1098,525
1098,526
1089,534
1089,535
1276,543
1271,546
1268,548
1266,551
1273,553
1274,553
1269,556
1275,556
1263,563
1272,563
1277,567
1183,571
1185,572
1186,573
1184,580
1188,582
1173,585
1176,587
1182,587
1187,591
1181,592
1178,595
1179,599
1086,606
1086,607
1092,614
1091,615
1094,619
1096,619
1099,620
1095,621
1099,621
1097,623
1100,626
1098,627
1100,627
1101,630
1101,631
1272,644
1266,649
1276,649
1271,652
1274,652
1275,654
1269,659
1277,661
1278,668
1279,668
1279,670
1188,671
1190,672
1182,674
1187,677
1186,679
1184,681
1185,684
1191,685
1181,686
1176,688
1189,696
1179,700
1092,715
1094,720
1095,722
1099,722
1102,723
1104,723
1097,724
1102,724
1104,724
1098,728
1100,728
1101,729
1103,730
1103,731
1272,743
1283,751
1275,752
1269,757
1283,757
1277,760
1280,761
1281,761
1280,762
1284,762
1278,763
1279,764
1278,765
1280,766
1281,767
1284,770
1193,771
1184,773
1179,775
1194,775
1187,776
1192,780
1190,781
1188,783
1191,786
1189,788
1184,789
1185,790
1182,797
1092,816
1107,816
1092,817
1107,817
1104,822
1095,823
1106,824
1097,825
1102,825
1106,825
1105,826
1105,827
1101,828
1098,829
1100,829
1103,829
1284,848
1284,850
1285,851
1275,853
1277,853
1281,853
1281,857
1285,858
1282,864
1282,867
1283,869
1193,872
1194,876
1195,881
1196,883
1192,884
1182,887
1190,887
1197,887
1191,889
1187,895
1185,898
1188,900
1110,902
1107,915
1109,919
1109,920
1104,921
1106,923
1095,924
1101,927
1103,928
1105,928
1108,929
1098,930
1100,930
1108,930
1100,931
1286,941
1287,949
1287,950
1286,953
1288,953
1286,954
1288,960
1290,970
1191,971
1193,973
1194,977
1188,978
1195,982
1196,984
1197,988
1190,992
1198,993
1185,994
1199,995
1200,999
1110,1001
1111,1002
1112,1005
1112,1006
1107,1014
1109,1018
1104,1020
1106,1022
1101,1026
1103,1026
1103,1027
1098,1031
1108,1031
1113,1034
1113,1035
1287,1044
1291,1046
1289,1051
1289,1052
1291,1055
1292,1060
1290,1066
1290,1068
1293,1070
1193,1074
1201,1075
1202,1077
1194,1078
1203,1081
1196,1085
1197,1089
1188,1092
1198,1094
1199,1096
1191,1099
1200,1100
1111,1101
1116,1102
1114,1103
1114,1104
1112,1107
1112,1108
1115,1109
1110,1111
1107,1113
1109,1117
1104,1119
1106,1121
1101,1125
1115,1132
1113,1136
1113,1137
1291,1142
1291,1149
1290,1153
1292,1153
1289,1154
1295,1160
1293,1161
1290,1162
1296,1162
1294,1169
1200,1171
1191,1174
1201,1176
1194,1179
1202,1180
1203,1182
1196,1186
1204,1187
1205,1189
1197,1190
1206,1193
1199,1197
1116,1201
1115,1203
1117,1205
1119,1205
1114,1206
1114,1207
1119,1208
1112,1209
1112,1210
1117,1210
1107,1212
1109,1216
1110,1216
1104,1218
1118,1235
1118,1236
1115,1237
1113,1238
1113,1239
1295,1246
1298,1250
1294,1252
1292,1254
1299,1255
1293,1257
1290,1259
1296,1259
1294,1263
1297,1263
1299,1270
1208,1271
1200,1272
1209,1275
1202,1278
1194,1280
1203,1283
1204,1288
1205,1290
1197,1291
1206,1294
1199,1298
1207,1300
1113,1303
1115,1304
1115,1306
1116,1309
1119,1310
1107,1311
1120,1311
1121,1311
1122,1311
1120,1312
1121,1312
1122,1312
1110,1321
1112,1332
1116,1332
1112,1333
1117,1333
1117,1334
1118,1337
1118,1338
1113,1340
1290,1342
1298,1342
1295,1343
1298,1344
1293,1349
1300,1350
1296,1351
1292,1356
1299,1356
1297,1359
1302,1360
1297,1361
1301,1362
1295,1364
1208,1372
1200,1373
1209,1376
1202,1379
1210,1381
1211,1383
1203,1384
1212,1385
1205,1391
1197,1392
1206,1395
1215,1397
1207,1399
1113,1404
1115,1407
1120,1413
1121,1413
1122,1413
1123,1414
1123,1415
1124,1416
1124,1417
1125,1418
1125,1419
1110,1426
1119,1432
1116,1437
1116,1439
1118,1439
1118,1440
1293,1441
1298,1441
1300,1441
1300,1447
1296,1452
1299,1453
1302,1454
1304,1456
1295,1461
1301,1461
1303,1464
1305,1470
1208,1473
1200,1474
1209,1477
1210,1482
1211,1484
1203,1485
1212,1486
1213,1491
1205,1492
1214,1493
1206,1496
1215,1498
1113,1502
1116,1503
1116,1504
1118,1505
1118,1510
1121,1514
1122,1514
1123,1516
1126,1517
1124,1518
1126,1518
1125,1520
1127,1521
1127,1522
1128,1525
1128,1526
1119,1533
1298,1543
1296,1550
1299,1551
1304,1552
1293,1553
1302,1553
1303,1554
1308,1560
1303,1561
1306,1561
1306,1562
1305,1563
1307,1563
1301,1565
1208,1574
1216,1574
1217,1576
1209,1578
1218,1580
1211,1585
1203,1586
1212,1587
1213,1592
1214,1594
1206,1597
1215,1599
1116,1606
1116,1607
1121,1615
1122,1615
1124,1619
1126,1619
1129,1620
1125,1621
1129,1621
1127,1623
1130,1626
1128,1627
1130,1627
1131,1630
1131,1631
1119,1634
1310,1641
1296,1642
1304,1642
1299,1647
1311,1650
1302,1651
1306,1651
1306,1652
1301,1654
1308,1656
1309,1657
1307,1661
1305,1665
1219,1671
1220,1673
1216,1675
1217,1677
1221,1677
1209,1679
1218,1681
1211,1686
1212,1688
1214,1695
1206,1698
1215,1700
1122,1716
1124,1720
1125,1722
1129,1722
1132,1723
1134,1723
1127,1724
1132,1724
1134,1724
1128,1728
1130,1728
1131,1729
1133,1730
1133,1731
1119,1735
1304,1741
1310,1742
1310,1744
1314,1745
1302,1746
1310,1747
1311,1747
1299,1748
1309,1751
1308,1752
1309,1756
1307,1757
1305,1758
1312,1763
1313,1764
1215,1771
1219,1772
1220,1774
1217,1778
1221,1778
1209,1780
1218,1782
1222,1783
1223,1785
1212,1789
1224,1789
1214,1796
1137,1816
1122,1817
1137,1817
1134,1822
1125,1823
1136,1824
1127,1825
1132,1825
1136,1825
1135,1826
1135,1827
1131,1828
1128,1829
1130,1829
1133,1829
1302,1842
1311,1842
1314,1843
1310,1849
1307,1851
1308,1851
1307,1854
1305,1855
1316,1856
1317,1859
1312,1861
1313,1861
1312,1862
1315,1865
1227,1871
1215,1872
1220,1875
1217,1879
1221,1879
1218,1883
1222,1884
1223,1886
1212,1890
1224,1890
1225,1895
1226,1897
1140,1902
1137,1915
1139,1919
1139,1920
1134,1921
1136,1923
1125,1924
1131,1927
1133,1928
1135,1928
1138,1929
1128,1930
1130,1930
1138,1930
1130,1931
1314,1941
1305,1943
1316,1944
1311,1949
1308,1950
1310,1950
1315,1951
1317,1952
1313,1954
1315,1954
1315,1961
1319,1965
1320,1965
1318,1970
1227,1972
1215,1973
1220,1976
1228,1977
1229,1979
1221,1980
1230,1983
1218,1984
1223,1987
1224,1991
1225,1996
1226,1998
1140,2001
1141,2002
1142,2005
1142,2007
1137,2014
1139,2018
1134,2020
1136,2022
1131,2026
1133,2026
1133,2027
1128,2031
1138,2031
1143,2034
1143,2035
1311,2043
1321,2047
1316,2050
1313,2051
1317,2051
1308,2053
1318,2056
1320,2056
1319,2061
1318,2062
1323,2063
1322,2066
1314,2067
1227,2073
1228,2078
1229,2080
1221,2081
1230,2084
1218,2085
1223,2088
1231,2089
1232,2091
1224,2092
1233,2095
1226,2099
1141,2101
1146,2102
1144,2103
1144,2104
1142,2108
1145,2109
1140,2111
1137,2113
1139,2117
1134,2119
1136,2121
1131,2125
1145,2132
1143,2136
1143,2137
1321,2141
1321,2146
1316,2148
1311,2153
1325,2155
1320,2159
1322,2161
1324,2162
1319,2164
1323,2166
1326,2166
1317,2168
1326,2168
1314,2169
1234,2171
1235,2173
1227,2174
1236,2177
1229,2181
1221,2182
1230,2185
1231,2190
1232,2192
1224,2193
1233,2196
1226,2200
1146,2201
1145,2203
1147,2205
1144,2206
1144,2207
1149,2208
1142,2209
1142,2210
1147,2210
1137,2212
1139,2216
1140,2216
1134,2218
1148,2235
1145,2237
1143,2238
1143,2239
1320,2251
1325,2251
1324,2252
1319,2253
1314,2254
1324,2254
1326,2254
1322,2255
1319,2258
1323,2259
1329,2262
1328,2263
1327,2266
1317,2269
1234,2272
1235,2274
1227,2275
1236,2278
1229,2282
1237,2283
1238,2285
1230,2286
1239,2289
1232,2293
1224,2294
1233,2297
1143,2303
1145,2304
1149,2305
1146,2309
1137,2311
1150,2311
1151,2311
1152,2311
1150,2312
1151,2312
1152,2312
1140,2321
1142,2332
1146,2332
1142,2333
1147,2333
1147,2334
1148,2336
1143,2340
1327,2342
1326,2345
1325,2346
1320,2348
1322,2352
1323,2353
1327,2357
1329,2357
1328,2361
1317,2364
1330,2365
1332,2367
1331,2369
1232,2371
1235,2375
1227,2376
1236,2379
1237,2384
1238,2386
1230,2387
1239,2390
1232,2394
1240,2395
1241,2397
1233,2398
1143,2404
1145,2406
1145,2407
1149,2410
1150,2413
1151,2413
1152,2413
1153,2414
1153,2415
1154,2416
1154,2417
1155,2418
1155,2419
1140,2426
1146,2437
1148,2438
1146,2439
1148,2440
1320,2441
1325,2441
1326,2449
1323,2451
1328,2452
1329,2452
1331,2454
1334,2455
1332,2461
1330,2463
1335,2466
1333,2467
1330,2468
1232,2472
1235,2476
1233,2477
1234,2479
1236,2480
1245,2483
1238,2487
1230,2488
1239,2491
1240,2496
1241,2498
1233,2499
1143,2502
1146,2503
1146,2504
1148,2505
1148,2510
1151,2514
1152,2514
1153,2516
1156,2517
1154,2518
1156,2518
1155,2520
1157,2521
1157,2522
1158,2525
1158,2526
1149,2532
1337,2542
1323,2543
1326,2543
1331,2546
1338,2550
1328,2553
1333,2557
1332,2558
1334,2559
1329,2560
1333,2561
1335,2561
1336,2567
1248,2571
1242,2573
1243,2578
1244,2580
1236,2581
1245,2584
1238,2588
1246,2589
1239,2592
1247,2593
1248,2593
1241,2599
1233,2600
1146,2606
1146,2607
1151,2615
1152,2615
1154,2619
1156,2619
1159,2620
1155,2621
1159,2621
1157,2623
1160,2626
1158,2627
1160,2627
1161,2630
1161,2631
1149,2633
1149,2634
1338,2644
1332,2647
1337,2647
1331,2648
1329,2651
1334,2651
1326,2653
1336,2654
1335,2655
1336,2658
1339,2660
1340,2660
1341,2660
1242,2674
1249,2677
1250,2679
1244,2681
1236,2682
1251,2683
1245,2685
1246,2690
1239,2693
1247,2694
1248,2694
1241,2700
1152,2716
1154,2720
1155,2722
1159,2722
1162,2723
1164,2723
1157,2724
1162,2724
1164,2724
1158,2728
1160,2728
1160,2729
1161,2729
1163,2730
1163,2731
1149,2735
1338,2741
1334,2747
1335,2747
1332,2749
1329,2750
1337,2750
1339,2750
1340,2752
1342,2758
1341,2759
1344,2763
1343,2770
1253,2771
1242,2775
1254,2775
1249,2778
1250,2780
1244,2782
1251,2784
1245,2786
1252,2789
1239,2794
1247,2795
1248,2795
1167,2816
1152,2817
1167,2817
1164,2822
1155,2823
1166,2824
1157,2825
1162,2825
1166,2825
1165,2826
1165,2827
1161,2828
1163,2828
1158,2829
1163,2829
1160,2830
1335,2841
1337,2841
1332,2844
1340,2848
1345,2849
1344,2850
1342,2852
1338,2854
1342,2855
1341,2858
1347,2860
1343,2863
1343,2864
1346,2869
1253,2872
1242,2876
1254,2876
1250,2881
1255,2881
1256,2882
1257,2883
1251,2885
1245,2887
1247,2896
1248,2896
1252,2900
1170,2902
1167,2915
1169,2919
1169,2920
1164,2921
1166,2923
1155,2924
1161,2927
1163,2927
1165,2928
1168,2929
1158,2930
1168,2930
1160,2931
1344,2942
1345,2942
1340,2944
1348,2945
1350,2953
1341,2954
1347,2954
1349,2958
1338,2959
1343,2961
1346,2962
1335,2964
1259,2971
1253,2973
1254,2977
1250,2982
1255,2982
1256,2983
1257,2984
1251,2986
1248,2987
1245,2988
1258,2991
1260,2995
1170,3001
1167,3014
1169,3018
1164,3020
1166,3022
1161,3026
1163,3026
1158,3031
1168,3031
1348,3043
1344,3048
1348,3050
1338,3051
1347,3051
1341,3053
1350,3055
1349,3056
1343,3062
1346,3064
1259,3072
1253,3074
1254,3078
1258,3082
1256,3084
1257,3085
1251,3087
1248,3088
1260,3096
1170,3111
1167,3113
1169,3117
1164,3119
1166,3121
1161,3125
1344,3145
1347,3148
1341,3151
1349,3151
1350,3151
1346,3161
1259,3174
1254,3179
1256,3185
1257,3186
1251,3188
1260,3197
1167,3212
1169,3216
1170,3216
1164,3218
1344,3241
1347,3245
1350,3249
1349,3254
1259,3275
1254,3280
1257,3287
1260,3299
1167,3311
1170,3321
1347,3341
1350,3342
1257,3388
1170,3426
1350,3445
1260,3498
1351,2
1352,5
1352,6
1353,34
1353,35
1531,41
1532,43
1533,65
1441,71
1442,71
1441,72
1441,73
1443,93
1351,101
1356,102
1354,103
1354,104
1352,107
1352,108
1355,109
1355,132
1353,136
1353,137
1534,141
1531,142
1532,144
1535,156
1536,162
1533,164
1442,172
1443,173
1444,175
1445,178
1446,179
1356,201
1357,205
1354,206
1354,207
1359,208
1352,209
1352,210
1357,210
1358,235
1358,236
1355,237
1353,238
1353,239
1355,239
1534,242
1532,245
1539,245
1536,254
1535,255
1538,260
1533,262
1537,268
1442,274
1444,276
1445,277
1446,281
1443,284
1447,289
1448,292
1449,296
1353,303
1355,303
1353,304
1355,304
1359,305
1356,309
1359,310
1360,311
1361,311
1362,311
1360,312
1361,312
1352,332
1356,332
1352,333
1357,333
1357,334
1358,338
1353,340
1358,340
1540,341
1541,342
1539,343
1532,347
1536,352
1538,353
1537,354
1535,358
1533,370
1442,376
1452,377
1451,378
1444,380
1445,382
1446,383
1450,389
1447,391
1448,393
1449,397
1443,400
1353,402
1358,405
1355,406
1355,407
1362,412
1360,413
1361,413
1363,414
1363,415
1364,416
1364,417
1365,418
1365,419
1359,432
1359,433
1356,437
1356,439
1541,441
1540,442
1539,450
1538,452
1544,456
1536,457
1535,459
1542,461
1543,464
1533,467
1443,474
1453,475
1455,477
1452,484
1454,485
1446,486
1445,490
1448,494
1450,494
1451,495
1449,498
1356,503
1356,504
1358,510
1362,513
1361,514
1363,516
1366,517
1364,518
1366,518
1365,520
1367,521
1367,522
1368,525
1368,526
1359,534
1359,535
1546,543
1541,546
1538,548
1536,551
1543,553
1544,553
1539,556
1545,556
1533,563
1542,563
1547,567
1453,571
1455,572
1456,573
1454,580
1458,582
1443,585
1446,587
1452,587
1457,591
1451,592
1448,595
1449,599
1356,606
1356,607
1362,614
1361,615
1364,619
1366,619
1369,620
1365,621
1369,621
1367,623
1370,626
1368,627
1370,627
1371,630
1371,631
1542,644
1536,649
1546,649
1541,652
1544,652
1545,654
1539,659
1547,661
1548,668
1549,668
1549,670
1458,671
1460,672
1452,674
1457,677
1456,679
1454,681
1455,684
1461,685
1451,686
1446,688
1459,696
1449,700
1362,715
1364,720
1365,722
1369,722
1372,723
1374,723
1367,724
1372,724
1374,724
1368,728
1370,728
1371,729
1373,730
1373,731
1542,743
1553,751
1545,752
1539,757
1553,757
1547,760
1550,761
1551,761
1550,762
1554,762
1548,763
1549,764
1548,765
1550,766
1551,767
1554,770
1463,771
1454,773
1449,775
1464,775
1457,776
1462,780
1460,781
1458,783
1461,786
1459,788
1454,789
1455,790
1452,797
1362,816
1377,816
1362,817
1377,817
1374,822
1365,823
1376,824
1367,825
1372,825
1376,825
1375,826
1375,827
1371,828
1368,829
1370,829
1373,829
1554,848
1554,850
1555,851
1545,853
1547,853
1551,853
1551,857
1555,858
1552,864
1552,867
1553,869
1463,872
1464,876
1465,881
1466,883
1462,884
1452,887
1460,887
1467,887
1461,889
1457,895
1455,898
1458,900
1380,902
1377,915
1379,919
1379,920
1374,921
1376,923
1365,924
1371,927
1373,928
1375,928
1378,929
1368,930
1370,930
1378,930
1370,931
1556,941
1557,949
1557,950
1556,953
1558,953
1556,954
1558,960
1560,970
1461,971
1463,973
1464,977
1458,978
1465,982
1466,984
1467,988
1460,992
1468,993
1455,994
1469,995
1470,999
1380,1001
1381,1002
1382,1005
1382,1006
1377,1014
1379,1018
1374,1020
1376,1022
1371,1026
1373,1026
1373,1027
1368,1031
1378,1031
1383,1034
1383,1035
1557,1044
1561,1046
1559,1051
1559,1052
1561,1055
1562,1060
1560,1066
1560,1068
1563,1070
1463,1074
1471,1075
1472,1077
1464,1078
1473,1081
1466,1085
1467,1089
1458,1092
1468,1094
1469,1096
1461,1099
1470,1100
1381,1101
1386,1102
1384,1103
1384,1104
1382,1107
1382,1108
1385,1109
1380,1111
1377,1113
1379,1117
1374,1119
1376,1121
1371,1125
1385,1132
1383,1136
1383,1137
1561,1142
1561,1149
1560,1153
1562,1153
1559,1154
1565,1160
1563,1161
1560,1162
1566,1162
1564,1169
1470,1171
1461,1174
1471,1176
1464,1179
1472,1180
1473,1182
1466,1186
1474,1187
1475,1189
1467,1190
1476,1193
1469,1197
1386,1201
1385,1203
1387,1205
1389,1205
1384,1206
1384,1207
1389,1208
1382,1209
1382,1210
1387,1210
1377,1212
1379,1216
1380,1216
1374,1218
1388,1235
1388,1236
1385,1237
1383,1238
1383,1239
1565,1246
1568,1250
1564,1252
1562,1254
1569,1255
1563,1257
1560,1259
1566,1259
1564,1263
1567,1263
1569,1270
1478,1271
1470,1272
1479,1275
1472,1278
1464,1280
1473,1283
1474,1288
1475,1290
1467,1291
1476,1294
1469,1298
1477,1300
1383,1303
1385,1304
1385,1306
1386,1309
1389,1310
1377,1311
1390,1311
1391,1311
1392,1311
1390,1312
1391,1312
1392,1312
1380,1321
1382,1332
1386,1332
1382,1333
1387,1333
1387,1334
1388,1337
1388,1338
1383,1340
1560,1342
1568,1342
1565,1343
1568,1344
1563,1349
1570,1350
1566,1351
1562,1356
1569,1356
1567,1359
1572,1360
1567,1361
1571,1362
1565,1364
1478,1372
1470,1373
1479,1376
1472,1379
1480,1381
1481,1383
1473,1384
1482,1385
1475,1391
1467,1392
1476,1395
1485,1397
1477,1399
1383,1404
1385,1407
1390,1413
1391,1413
1392,1413
1393,1414
1393,1415
1394,1416
1394,1417
1395,1418
1395,1419
1380,1426
1389,1432
1386,1437
1386,1439
1388,1439
1388,1440
1563,1441
1568,1441
1570,1441
1570,1447
1566,1452
1569,1453
1572,1454
1574,1456
1565,1461
1571,1461
1573,1464
1575,1470
1478,1473
1470,1474
1479,1477
1480,1482
1481,1484
1473,1485
1482,1486
1483,1491
1475,1492
1484,1493
1476,1496
1485,1498
1383,1502
1386,1503
1386,1504
1388,1505
1388,1510
1391,1514
1392,1514
1393,1516
1396,1517
1394,1518
1396,1518
1395,1520
1397,1521
1397,1522
1398,1525
1398,1526
1389,1533
1568,1543
1566,1550
1569,1551
1574,1552
1563,1553
1572,1553
1573,1554
1578,1560
1573,1561
1576,1561
1576,1562
1575,1563
1577,1563
1571,1565
1478,1574
1486,1574
1487,1576
1479,1578
1488,1580
1481,1585
1473,1586
1482,1587
1483,1592
1484,1594
1476,1597
1485,1599
1386,1606
1386,1607
1391,1615
1392,1615
1394,1619
1396,1619
1399,1620
1395,1621
1399,1621
1397,1623
1400,1626
1398,1627
1400,1627
1401,1630
1401,1631
1389,1634
1580,1641
1566,1642
1574,1642
1569,1647
1581,1650
1572,1651
1576,1651
1576,1652
1571,1654
1578,1656
1579,1657
1577,1661
1575,1665
1489,1671
1490,1673
1486,1675
1487,1677
1491,1677
1479,1679
1488,1681
1481,1686
1482,1688
1484,1695
1476,1698
1485,1700
1392,1716
1394,1720
1395,1722
1399,1722
1402,1723
1404,1723
1397,1724
1402,1724
1404,1724
1398,1728
1400,1728
1401,1729
1403,1730
1403,1731
1389,1735
1574,1741
1580,1742
1580,1744
1584,1745
1572,1746
1580,1747
1581,1747
1569,1748
1579,1751
1578,1752
1579,1756
1577,1757
1575,1758
1582,1763
1583,1764
1485,1771
1489,1772
1490,1774
1487,1778
1491,1778
1479,1780
1488,1782
1492,1783
1493,1785
1482,1789
1494,1789
1484,1796
1407,1816
1392,1817
1407,1817
1404,1822
1395,1823
1406,1824
1397,1825
1402,1825
1406,1825
1405,1826
1405,1827
1401,1828
1398,1829
1400,1829
1403,1829
1572,1842
1581,1842
1584,1843
1580,1849
1577,1851
1578,1851
1577,1854
1575,1855
1586,1856
1587,1859
1582,1861
1583,1861
1582,1862
1585,1865
1497,1871
1485,1872
1490,1875
1487,1879
1491,1879
1488,1883
1492,1884
1493,1886
1482,1890
1494,1890
1495,1895
1496,1897
1410,1902
1407,1915
1409,1919
1409,1920
1404,1921
1406,1923
1395,1924
1401,1927
1403,1928
1405,1928
1408,1929
1398,1930
1400,1930
1408,1930
1400,1931
1584,1941
1575,1943
1586,1944
1581,1949
1578,1950
1580,1950
1585,1951
1587,1952
1583,1954
1585,1954
1585,1961
1589,1965
1590,1965
1588,1970
1497,1972
1485,1973
1490,1976
1498,1977
1499,1979
1491,1980
1500,1983
1488,1984
1493,1987
1494,1991
1495,1996
1496,1998
1410,2001
1411,2002
1412,2005
1412,2007
1407,2014
1409,2018
1404,2020
1406,2022
1401,2026
1403,2026
1403,2027
1398,2031
1408,2031
1413,2034
1413,2035
1581,2043
1591,2047
1586,2050
1583,2051
1587,2051
1578,2053
1588,2056
1590,2056
1589,2061
1588,2062
1593,2063
1592,2066
1584,2067
1497,2073
1498,2078
1499,2080
1491,2081
1500,2084
1488,2085
1493,2088
1501,2089
1502,2091
1494,2092
1503,2095
1496,2099
1411,2101
1416,2102
1414,2103
1414,2104
1412,2108
1415,2109
1410,2111
1407,2113
1409,2117
1404,2119
1406,2121
1401,2125
1415,2132
1413,2136
1413,2137
1591,2141
1591,2146
1586,2148
1581,2153
1595,2155
1590,2159
1592,2161
1594,2162
1589,2164
1593,2166
1596,2166
1587,2168
1596,2168
1584,2169
1504,2171
1505,2173
1497,2174
1506,2177
1499,2181
1491,2182
1500,2185
1501,2190
1502,2192
1494,2193
1503,2196
1496,2200
1416,2201
1415,2203
1417,2205
1414,2206
1414,2207
1419,2208
1412,2209
1412,2210
1417,2210
1407,2212
1409,2216
1410,2216
1404,2218
1418,2235
1415,2237
1413,2238
1413,2239
1590,2251
1595,2251
1594,2252
1589,2253
1584,2254
1594,2254
1596,2254
1592,2255
1589,2258
1593,2259
1599,2262
1598,2263
1597,2266
1587,2269
1504,2272
1505,2274
1497,2275
1506,2278
1499,2282
1507,2283
1508,2285
1500,2286
1509,2289
1502,2293
1494,2294
1503,2297
1413,2303
1415,2304
1419,2305
1416,2309
1407,2311
1420,2311
1421,2311
1422,2311
1420,2312
1421,2312
1422,2312
1410,2321
1412,2332
1416,2332
1412,2333
1417,2333
1417,2334
1418,2336
1413,2340
1597,2342
1596,2345
1595,2346
1590,2348
1592,2352
1593,2353
1597,2357
1599,2357
1598,2361
1587,2364
1600,2365
1602,2367
1601,2369
1502,2371
1505,2375
1497,2376
1506,2379
1507,2384
1508,2386
1500,2387
1509,2390
1502,2394
1510,2395
1511,2397
1503,2398
1413,2404
1415,2406
1415,2407
1419,2410
1420,2413
1421,2413
1422,2413
1423,2414
1423,2415
1424,2416
1424,2417
1425,2418
1425,2419
1410,2426
1416,2437
1418,2438
1416,2439
1418,2440
1590,2441
1595,2441
1596,2449
1593,2451
1598,2452
1599,2452
1601,2454
1604,2455
1602,2461
1600,2463
1605,2466
1603,2467
1600,2468
1502,2472
1505,2476
1503,2477
1504,2479
1506,2480
1515,2483
1508,2487
1500,2488
1509,2491
1510,2496
1511,2498
1503,2499
1413,2502
1416,2503
1416,2504
1418,2505
1418,2510
1421,2514
1422,2514
1423,2516
1426,2517
1424,2518
1426,2518
1425,2520
1427,2521
1427,2522
1428,2525
1428,2526
1419,2532
1607,2542
1593,2543
1596,2543
1601,2546
1608,2550
1598,2553
1603,2557
1602,2558
1604,2559
1599,2560
1603,2561
1605,2561
1606,2567
1518,2571
1512,2573
1513,2578
1514,2580
1506,2581
1515,2584
1508,2588
1516,2589
1509,2592
1517,2593
1518,2593
1511,2599
1503,2600
1416,2606
1416,2607
1421,2615
1422,2615
1424,2619
1426,2619
1429,2620
1425,2621
1429,2621
1427,2623
1430,2626
1428,2627
1430,2627
1431,2630
1431,2631
1419,2633
1419,2634
1608,2644
1602,2647
1607,2647
1601,2648
1599,2651
1604,2651
1596,2653
1606,2654
1605,2655
1606,2658
1609,2660
1610,2660
1611,2660
1512,2674
1519,2677
1520,2679
1514,2681
1506,2682
1521,2683
1515,2685
1516,2690
1509,2693
1517,2694
1518,2694
1511,2700
1422,2716
1424,2720
1425,2722
1429,2722
1432,2723
1434,2723
1427,2724
1432,2724
1434,2724
1428,2728
1430,2728
1430,2729
1431,2729
1433,2730
1433,2731
1419,2735
1608,2741
1604,2747
1605,2747
1602,2749
1599,2750
1607,2750
1609,2750
1610,2752
1612,2758
1611,2759
1614,2763
1613,2770
1523,2771
1512,2775
1524,2775
1519,2778
1520,2780
1514,2782
1521,2784
1515,2786
1522,2789
1509,2794
1517,2795
1518,2795
1437,2816
1422,2817
1437,2817
1434,2822
1425,2823
1436,2824
1427,2825
1432,2825
1436,2825
1435,2826
1435,2827
1431,2828
1433,2828
1428,2829
1433,2829
1430,2830
1605,2841
1607,2841
1602,2844
1610,2848
1615,2849
1614,2850
1612,2852
1608,2854
1612,2855
1611,2858
1617,2860
1613,2863
1613,2864
1616,2869
1523,2872
1512,2876
1524,2876
1520,2881
1525,2881
1526,2882
1527,2883
1521,2885
1515,2887
1517,2896
1518,2896
1522,2900
1440,2902
1437,2915
1439,2919
1439,2920
1434,2921
1436,2923
1425,2924
1431,2927
1433,2927
1435,2928
1438,2929
1428,2930
1438,2930
1430,2931
1614,2942
1615,2942
1610,2944
1618,2945
1620,2953
1611,2954
1617,2954
1619,2958
1608,2959
1613,2961
1616,2962
1605,2964
1529,2971
1523,2973
1524,2977
1520,2982
1525,2982
1526,2983
1527,2984
1521,2986
1518,2987
1515,2988
1528,2991
1530,2995
1440,3001
1437,3014
1439,3018
1434,3020
1436,3022
1431,3026
1433,3026
1428,3031
1438,3031
1618,3043
1614,3048
1618,3050
1608,3051
1617,3051
1611,3053
1620,3055
1619,3056
1613,3062
1616,3064
1529,3072
1523,3074
1524,3078
1528,3082
1526,3084
1527,3085
1521,3087
1518,3088
1530,3096
1440,3111
1437,3113
1439,3117
1434,3119
1436,3121
1431,3125
1614,3145
1617,3148
1611,3151
1619,3151
1620,3151
1616,3161
1529,3174
1524,3179
1526,3185
1527,3186
1521,3188
1530,3197
1437,3212
1439,3216
1440,3216
1434,3218
1614,3241
1617,3245
1620,3249
1619,3254
1529,3275
1524,3280
1527,3287
1530,3299
1437,3311
1440,3321
1617,3341
1620,3342
1527,3388
1440,3426
1620,3445
1530,3498
1621,2
1622,5
1622,6
1623,34
1623,35
1801,41
1802,43
1803,65
1711,71
1712,71
1711,72
1711,73
1713,93
1621,101
1626,102
1624,103
1624,104
1622,107
1622,108
1625,109
1625,132
1623,136
1623,137
1804,141
1801,142
1802,144
1805,156
1806,162
1803,164
1712,172
1713,173
1714,175
1715,178
1716,179
1626,201
1627,205
1624,206
1624,207
1629,208
1622,209
1622,210
1627,210
1628,235
1628,236
1625,237
1623,238
1623,239
1625,239
1804,242
1802,245
1809,245
1806,254
1805,255
1808,260
1803,262
1807,268
1712,274
1714,276
1715,277
1716,281
1713,284
1717,289
1718,292
1719,296
1623,303
1625,303
1623,304
1625,304
1629,305
1626,309
1629,310
1630,311
1631,311
1632,311
1630,312
1631,312
1622,332
1626,332
1622,333
1627,333
1627,334
1628,338
1623,340
1628,340
1810,341
1811,342
1809,343
1802,347
1806,352
1808,353
1807,354
1805,358
1803,370
1712,376
1722,377
1721,378
1714,380
1715,382
1716,383
1720,389
1717,391
1718,393
1719,397
1713,400
1623,402
1628,405
1625,406
1625,407
1632,412
1630,413
1631,413
1633,414
1633,415
1634,416
1634,417
1635,418
1635,419
1629,432
1629,433
1626,437
1626,439
1811,441
1810,442
1809,450
1808,452
1814,456
1806,457
1805,459
1812,461
1813,464
1803,467
1713,474
1723,475
1725,477
1722,484
1724,485
1716,486
1715,490
1718,494
1720,494
1721,495
1719,498
1626,503
1626,504
1628,510
1632,513
1631,514
1633,516
1636,517
1634,518
1636,518
1635,520
1637,521
1637,522
1638,525
1638,526
1629,534
1629,535
1816,543
1811,546
1808,548
1806,551
1813,553
1814,553
1809,556
1815,556
1803,563
1812,563
1817,567
1723,571
1725,572
1726,573
1724,580
1728,582
1713,585
1716,587
1722,587
1727,591
1721,592
1718,595
1719,599
1626,606
1626,607
1632,614
1631,615
1634,619
1636,619
1639,620
1635,621
1639,621
1637,623
1640,626
1638,627
1640,627
1641,630
1641,631
1812,644
1806,649
1816,649
1811,652
1814,652
1815,654
1809,659
1817,661
1818,668
1819,668
1819,670
1728,671
1730,672
1722,674
1727,677
1726,679
1724,681
1725,684
1731,685
1721,686
1716,688
1729,696
1719,700
1632,715
1634,720
1635,722
1639,722
1642,723
1644,723
1637,724
1642,724
1644,724
1638,728
1640,728
1641,729
1643,730
1643,731
1812,743
1823,751
1815,752
1809,757
1823,757
1817,760
1820,761
1821,761
1820,762
1824,762
1818,763
1819,764
1818,765
1820,766
1821,767
1824,770
1733,771
1724,773
1719,775
1734,775
1727,776
1732,780
1730,781
1728,783
1731,786
1729,788
1724,789
1725,790
1722,797
1632,816
1647,816
1632,817
1647,817
1644,822
1635,823
1646,824
1637,825
1642,825
1646,825
1645,826
1645,827
1641,828
1638,829
1640,829
1643,829
1824,848
1824,850
1825,851
1815,853
1817,853
1821,853
1821,857
1825,858
1822,864
1822,867
1823,869
1733,872
1734,876
1735,881
1736,883
1732,884
1722,887
1730,887
1737,887
1731,889
1727,895
1725,898
1728,900
1650,902
1647,915
1649,919
1649,920
1644,921
1646,923
1635,924
1641,927
1643,928
1645,928
1648,929
1638,930
1640,930
1648,930
1640,931
1826,941
1827,949
1827,950
1826,953
1828,953
1826,954
1828,960
1830,970
1731,971
1733,973
1734,977
1728,978
1735,982
1736,984
1737,988
1730,992
1738,993
1725,994
1739,995
1740,999
1650,1001
1651,1002
1652,1005
1652,1006
1647,1014
1649,1018
1644,1020
1646,1022
1641,1026
1643,1026
1643,1027
1638,1031
1648,1031
1653,1034
1653,1035
1827,1044
1831,1046
1829,1051
1829,1052
1831,1055
1832,1060
1830,1066
1830,1068
1833,1070
1733,1074
1741,1075
1742,1077
1734,1078
1743,1081
1736,1085
1737,1089
1728,1092
1738,1094
1739,1096
1731,1099
1740,1100
1651,1101
1656,1102
1654,1103
1654,1104
1652,1107
1652,1108
1655,1109
1650,1111
1647,1113
1649,1117
1644,1119
1646,1121
1641,1125
1655,1132
1653,1136
1653,1137
1831,1142
1831,1149
1830,1153
1832,1153
1829,1154
1835,1160
1833,1161
1830,1162
1836,1162
1834,1169
1740,1171
1731,1174
1741,1176
1734,1179
1742,1180
1743,1182
1736,1186
1744,1187
1745,1189
1737,1190
1746,1193
1739,1197
1656,1201
1655,1203
1657,1205
1659,1205
1654,1206
1654,1207
1659,1208
1652,1209
1652,1210
1657,1210
1647,1212
1649,1216
1650,1216
1644,1218
1658,1235
1658,1236
1655,1237
1653,1238
1653,1239
1835,1246
1838,1250
1834,1252
1832,1254
1839,1255
1833,1257
1830,1259
1836,1259
1834,1263
1837,1263
1839,1270
1748,1271
1740,1272
1749,1275
1742,1278
1734,1280
1743,1283
1744,1288
1745,1290
1737,1291
1746,1294
1739,1298
1747,1300
1653,1303
1655,1304
1655,1306
1656,1309
1659,1310
1647,1311
1660,1311
1661,1311
1662,1311
1660,1312
1661,1312
1662,1312
1650,1321
1652,1332
1656,1332
1652,1333
1657,1333
1657,1334
1658,1337
1658,1338
1653,1340
1830,1342
1838,1342
1835,1343
1838,1344
1833,1349
1840,1350
1836,1351
1832,1356
1839,1356
1837,1359
1842,1360
1837,1361
1841,1362
1835,1364
1748,1372
1740,1373
1749,1376
1742,1379
1750,1381
1751,1383
1743,1384
1752,1385
1745,1391
1737,1392
1746,1395
1755,1397
1747,1399
1653,1404
1655,1407
1660,1413
1661,1413
1662,1413
1663,1414
1663,1415
1664,1416
1664,1417
1665,1418
1665,1419
1650,1426
1659,1432
1656,1437
1656,1439
1658,1439
1658,1440
1833,1441
1838,1441
1840,1441
1840,1447
1836,1452
1839,1453
1842,1454
1844,1456
1835,1461
1841,1461
1843,1464
1845,1470
1748,1473
1740,1474
1749,1477
1750,1482
1751,1484
1743,1485
1752,1486
1753,1491
1745,1492
1754,1493
1746,1496
1755,1498
1653,1502
1656,1503
1656,1504
1658,1505
1658,1510
1661,1514
1662,1514
1663,1516
1666,1517
1664,1518
1666,1518
1665,1520
1667,1521
1667,1522
1668,1525
1668,1526
1659,1533
1838,1543
1836,1550
1839,1551
1844,1552
1833,1553
1842,1553
1843,1554
1848,1560
1843,1561
1846,1561
1846,1562
1845,1563
1847,1563
1841,1565
1748,1574
1756,1574
1757,1576
1749,1578
1758,1580
1751,1585
1743,1586
1752,1587
1753,1592
1754,1594
1746,1597
1755,1599
1656,1606
1656,1607
1661,1615
1662,1615
1664,1619
1666,1619
1669,1620
1665,1621
1669,1621
1667,1623
1670,1626
1668,1627
1670,1627
1671,1630
1671,1631
1659,1634
1850,1641
1836,1642
1844,1642
1839,1647
1851,1650
1842,1651
1846,1651
1846,1652
1841,1654
1848,1656
1849,1657
1847,1661
1845,1665
1759,1671
1760,1673
1756,1675
1757,1677
1761,1677
1749,1679
1758,1681
1751,1686
1752,1688
1754,1695
1746,1698
1755,1700
1662,1716
1664,1720
1665,1722
1669,1722
1672,1723
1674,1723
1667,1724
1672,1724
1674,1724
1668,1728
1670,1728
1671,1729
1673,1730
1673,1731
1659,1735
1844,1741
1850,1742
1850,1744
1854,1745
1842,1746
1850,1747
1851,1747
1839,1748
1849,1751
1848,1752
1849,1756
1847,1757
1845,1758
1852,1763
1853,1764
1755,1771
1759,1772
1760,1774
1757,1778
1761,1778
1749,1780
1758,1782
1762,1783
1763,1785
1752,1789
1764,1789
1754,1796
1677,1816
1662,1817
1677,1817
1674,1822
1665,1823
1676,1824
1667,1825
1672,1825
1676,1825
1675,1826
1675,1827
1671,1828
1668,1829
1670,1829
1673,1829
1842,1842
1851,1842
1854,1843
1850,1849
1847,1851
1848,1851
1847,1854
1845,1855
1856,1856
1857,1859
1852,1861
1853,1861
1852,1862
1855,1865
1767,1871
1755,1872
1760,1875
1757,1879
1761,1879
1758,1883
1762,1884
1763,1886
1752,1890
1764,1890
1765,1895
1766,1897
1680,1902
1677,1915
1679,1919
1679,1920
1674,1921
1676,1923
1665,1924
1671,1927
1673,1928
1675,1928
1678,1929
1668,1930
1670,1930
1678,1930
1670,1931
1854,1941
1845,1943
1856,1944
1851,1949
1848,1950
1850,1950
1855,1951
1857,1952
1853,1954
1855,1954
1855,1961
1859,1965
1860,1965
1858,1970
1767,1972
1755,1973
1760,1976
1768,1977
1769,1979
1761,1980
1770,1983
1758,1984
1763,1987
1764,1991
1765,1996
1766,1998
1680,2001
1681,2002
1682,2005
1682,2007
1677,2014
1679,2018
1674,2020
1676,2022
1671,2026
1673,2026
1673,2027
1668,2031
1678,2031
1683,2034
1683,2035
1851,2043
1861,2047
1856,2050
1853,2051
1857,2051
1848,2053
1858,2056
1860,2056
1859,2061
1858,2062
1863,2063
1862,2066
1854,2067
1767,2073
1768,2078
1769,2080
1761,2081
1770,2084
1758,2085
1763,2088
1771,2089
1772,2091
1764,2092
1773,2095
1766,2099
1681,2101
1686,2102
1684,2103
1684,2104
1682,2108
1685,2109
1680,2111
1677,2113
1679,2117
1674,2119
1676,2121
1671,2125
1685,2132
1683,2136
1683,2137
1861,2141
1861,2146
1856,2148
1851,2153
1865,2155
1860,2159
1862,2161
1864,2162
1859,2164
1863,2166
1866,2166
1857,2168
1866,2168
1854,2169
1774,2171
1775,2173
1767,2174
1776,2177
1769,2181
1761,2182
1770,2185
1771,2190
1772,2192
1764,2193
1773,2196
1766,2200
1686,2201
1685,2203
1687,2205
1684,2206
1684,2207
1689,2208
1682,2209
1682,2210
1687,2210
1677,2212
1679,2216
1680,2216
1674,2218
1688,2235
1685,2237
1683,2238
1683,2239
1860,2251
1865,2251
1864,2252
1859,2253
1854,2254
1864,2254
1866,2254
1862,2255
1859,2258
1863,2259
1869,2262
1868,2263
1867,2266
1857,2269
1774,2272
1775,2274
1767,2275
1776,2278
1769,2282
1777,2283
1778,2285
1770,2286
1779,2289
1772,2293
1764,2294
1773,2297
1683,2303
1685,2304
1689,2305
1686,2309
1677,2311
1690,2311
1691,2311
1692,2311
1690,2312
1691,2312
1692,2312
1680,2321
1682,2332
1686,2332
1682,2333
1687,2333
1687,2334
1688,2336
1683,2340
1867,2342
1866,2345
1865,2346
1860,2348
1862,2352
1863,2353
1867,2357
1869,2357
1868,2361
1857,2364
1870,2365
1872,2367
1871,2369
1772,2371
1775,2375
1767,2376
1776,2379
1777,2384
1778,2386
1770,2387
1779,2390
1772,2394
1780,2395
1781,2397
1773,2398
1683,2404
1685,2406
1685,2407
1689,2410
1690,2413
1691,2413
1692,2413
1693,2414
1693,2415
1694,2416
1694,2417
1695,2418
1695,2419
1680,2426
1686,2437
1688,2438
1686,2439
1688,2440
1860,2441
1865,2441
1866,2449
1863,2451
1868,2452
1869,2452
1871,2454
1874,2455
1872,2461
1870,2463
1875,2466
1873,2467
1870,2468
1772,2472
1775,2476
1773,2477
1774,2479
1776,2480
1785,2483
1778,2487
1770,2488
1779,2491
1780,2496
1781,2498
1773,2499
1683,2502
1686,2503
1686,2504
1688,2505
1688,2510
1691,2514
1692,2514
1693,2516
1696,2517
1694,2518
1696,2518
1695,2520
1697,2521
1697,2522
1698,2525
1698,2526
1689,2532
1877,2542
1863,2543
1866,2543
1871,2546
1878,2550
1868,2553
1873,2557
1872,2558
1874,2559
1869,2560
1873,2561
1875,2561
1876,2567
1788,2571
1782,2573
1783,2578
1784,2580
1776,2581
1785,2584
1778,2588
1786,2589
1779,2592
1787,2593
1788,2593
1781,2599
1773,2600
1686,2606
1686,2607
1691,2615
1692,2615
1694,2619
1696,2619
1699,2620
1695,2621
1699,2621
1697,2623
1700,2626
1698,2627
1700,2627
1701,2630
1701,2631
1689,2633
1689,2634
1878,2644
1872,2647
1877,2647
1871,2648
1869,2651
1874,2651
1866,2653
1876,2654
1875,2655
1876,2658
1879,2660
1880,2660
1881,2660
1782,2674
1789,2677
1790,2679
1784,2681
1776,2682
1791,2683
1785,2685
1786,2690
1779,2693
1787,2694
1788,2694
1781,2700
1692,2716
1694,2720
1695,2722
1699,2722
1702,2723
1704,2723
1697,2724
1702,2724
1704,2724
1698,2728
1700,2728
1700,2729
1701,2729
1703,2730
1703,2731
1689,2735
1878,2741
1874,2747
1875,2747
1872,2749
1869,2750
1877,2750
1879,2750
1880,2752
1882,2758
1881,2759
1884,2763
1883,2770
1793,2771
1782,2775
1794,2775
1789,2778
1790,2780
1784,2782
1791,2784
1785,2786
1792,2789
1779,2794
1787,2795
1788,2795
1707,2816
1692,2817
1707,2817
1704,2822
1695,2823
1706,2824
1697,2825
1702,2825
1706,2825
1705,2826
1705,2827
1701,2828
1703,2828
1698,2829
1703,2829
1700,2830
1875,2841
1877,2841
1872,2844
1880,2848
1885,2849
1884,2850
1882,2852
1878,2854
1882,2855
1881,2858
1887,2860
1883,2863
1883,2864
1886,2869
1793,2872
1782,2876
1794,2876
1790,2881
1795,2881
1796,2882
1797,2883
1791,2885
1785,2887
1787,2896
1788,2896
1792,2900
1710,2902
1707,2915
1709,2919
1709,2920
1704,2921
1706,2923
1695,2924
1701,2927
1703,2927
1705,2928
1708,2929
1698,2930
1708,2930
1700,2931
1884,2942
1885,2942
1880,2944
1888,2945
1890,2953
1881,2954
1887,2954
1889,2958
1878,2959
1883,2961
1886,2962
1875,2964
1799,2971
1793,2973
1794,2977
1790,2982
1795,2982
1796,2983
1797,2984
1791,2986
1788,2987
1785,2988
1798,2991
1800,2995
1710,3001
1707,3014
1709,3018
1704,3020
1706,3022
1701,3026
1703,3026
1698,3031
1708,3031
1888,3043
1884,3048
1888,3050
1878,3051
1887,3051
1881,3053
1890,3055
1889,3056
1883,3062
1886,3064
1799,3072
1793,3074
1794,3078
1798,3082
1796,3084
1797,3085
1791,3087
1788,3088
1800,3096
1710,3111
1707,3113
1709,3117
1704,3119
1706,3121
1701,3125
1884,3145
1887,3148
1881,3151
1889,3151
1890,3151
1886,3161
1799,3174
1794,3179
1796,3185
1797,3186
1791,3188
1800,3197
1707,3212
1709,3216
1710,3216
1704,3218
1884,3241
1887,3245
1890,3249
1889,3254
1799,3275
1794,3280
1797,3287
1800,3299
1707,3311
1710,3321
1887,3341
1890,3342
1797,3388
1710,3426
1890,3445
1800,3498
